1,3,3,2,2,0.10877247322047111
1,3,3,2,3,0.11312507964079532
1,3,3,2,4,0.11565804456102133
1,3,3,2,5,0.11731630899825679
1,3,3,3,3,0.1176775424497094
1,3,3,3,4,0.12032637370486686
1,3,3,3,5,0.12206033078060217
1,3,3,4,4,0.12304238282532456
1,3,3,4,5,0.12482022731211218
1,3,3,5,5,0.12662674418765404
1,3,3.5,2,2,0.12395959532897702
1,3,3.5,2,3,0.1291902705170611
1,3,3.5,2,4,0.1322293947258326
1,3,3.5,2,5,0.13421725194034903
1,3,3.5,3,3,0.13466071930617346
1,3,3.5,3,4,0.13783881645141474
1,3,3.5,3,5,0.13991744941872206
1,3,3.5,4,4,0.14109746707658102
1,3,3.5,4,5,0.14322871853051528
1,3,3.5,5,5,0.14539434165490137
1,3,4.0,2,2,0.14388323756672503
1,3,4.0,2,3,0.15006914648341327
1,3,4.0,2,4,0.1536612063287499
1,3,4.0,2,5,0.15600997211664916
1,3,4.0,3,3,0.1565200407892454
1,3,4.0,3,4,0.1602659908842521
1,3,4.0,3,5,0.16271538836592536
1,3,4.0,4,4,0.16410131241502576
1,3,4.0,4,5,0.16660915142277058
1,3,4.0,5,5,0.16915520631157116
1,3,4.5,2,2,0.15754456943336015
1,3,4.5,2,3,0.16456003328939253
1,3,4.5,2,4,0.16862927526133728
1,3,4.5,2,5,0.17128840519564975
1,3,4.5,3,3,0.17188695379252958
1,3,4.5,3,4,0.1761368703048761
1,3,4.5,3,5,0.17891407214622457
1,3,4.5,4,4,0.18049159494053035
1,3,4.5,4,5,0.18333728940515523
1,3,4.5,5,5,0.18622774409152837
1,3,5.0,2,2,0.18486556307356747
1,3,5.0,2,3,0.19347538915178528
1,3,5.0,2,4,0.19846207719761305
1,3,5.0,2,5,0.20171806067965845
1,3,5.0,3,3,0.20248171680966226
1,3,5.0,3,4,0.20769813986417973
1,3,5.0,3,5,0.21110415693903753
1,3,5.0,4,4,0.21304767080048026
1,3,5.0,4,5,0.21654061632979948
1,3,5.0,5,5,0.22009033179474552
1,3,5.5,2,2,0.20455016035939103
1,3,5.5,2,3,0.2141354290403509
1,3,5.5,2,4,0.21968593557768032
1,3,5.5,2,5,0.2233096411656643
1,3,5.5,3,3,0.2241540389670603
1,3,5.5,3,4,0.22995578686829582
1,3,5.5,3,5,0.23374362964623777
1,3,5.5,4,4,0.23590319219621192
1,3,5.5,4,5,0.2397861912992353
1,3,5.5,5,5,0.2437313540824352
1,3,6.0,2,2,0.2247260216378364
1,3,6.0,2,3,0.23528903417093183
1,3,6.0,2,4,0.2414050879352842
1,3,6.0,2,5,0.24539778809315
1,3,6.0,3,3,0.24632106303761483
1,3,6.0,3,4,0.25270921628012505
1,3,6.0,3,5,0.25687974344208475
1,3,6.0,4,4,0.259255215762458
1,3,6.0,4,5,0.26352889690655895
1,3,6.0,5,5,0.26786998857791455
2,3,3,2,2,0.1969291397717252
2,3,3,2,3,0.2049674909422886
2,3,3,2,4,0.2096426573009386
2,3,3,2,5,0.21270237045205312
2,3,3,3,3,0.21340240294464388
2,3,3,3,4,0.21830703316666994
2,3,3,3,5,0.2215164866709084
2,3,3,4,4,0.22334444902806644
2,3,3,4,5,0.22664055780437176
2,3,3,5,5,0.22999321889264493
2,3,3.5,2,2,0.22418809083574986
2,3,3.5,2,3,0.23386115216693662
2,3,3.5,2,4,0.23947759233984356
2,3,3.5,2,5,0.24314984893101543
2,3,3.5,3,3,0.2440098816766489
2,3,3.5,3,4,0.24990146054390228
2,3,3.5,3,5,0.25375323014704004
2,3,3.5,4,4,0.25595219909805494
2,3,3.5,4,5,0.25990781640827354
2,3,3.5,5,5,0.2639311935074424
2,3,4.0,2,2,0.25832690369862005
2,3,4.0,2,3,0.2697343525606443
2,3,4.0,2,4,0.27635302454409144
2,3,4.0,2,5,0.28067882446138315
2,3,4.0,3,3,0.28167440568572927
2,3,4.0,3,4,0.2886015894076489
2,3,4.0,3,5,0.2931288384205571
2,3,4.0,4,4,0.29570748736689484
2,3,4.0,4,5,0.30035143460576713
2,3,4.0,5,5,0.3050715855005253
2,3,4.5,2,2,0.283569784344571
2,3,4.5,2,3,0.29654204043667065
2,3,4.5,2,4,0.30406001471676575
2,3,4.5,2,5,0.30897044067053253
2,3,4.5,3,3,0.31013590188247275
2,3,4.5,3,4,0.31801361058429195
2,3,4.5,3,5,0.3231588128948797
2,3,4.5,4,4,0.326099512986126
2,3,4.5,4,5,0.3313805936331146
2,3,4.5,5,5,0.3367503569204974
2,3,5.0,2,2,0.32857161844141636
2,3,5.0,2,3,0.34418420985628156
2,3,5.0,2,4,0.35322079464575806
2,3,5.0,2,5,0.3591189192039903
2,3,5.0,3,3,0.3605578381272642
2,3,5.0,3,4,0.37003455344926706
2,3,5.0,3,5,0.37621981822440503
2,3,5.0,4,4,0.37976581630390505
2,3,5.0,4,5,0.3861171498051787
2,3,5.0,5,5,0.3925768286854228
2,3,5.5,2,2,0.36262227539153463
2,3,5.5,2,3,0.3799957444397681
2,3,5.5,2,4,0.3900487182312897
2,3,5.5,2,5,0.39660921706019925
2,3,5.5,3,3,0.3982038427990797
2,3,5.5,3,4,0.4087397467388196
2,3,5.5,3,5,0.41561539454297064
2,3,5.5,4,4,0.4195550825434396
2,3,5.5,4,5,0.4266130812873037
2,3,5.5,5,5,0.4337900782196415
2,3,6.0,2,2,0.39743044091867596
2,3,6.0,2,3,0.4165658824469377
2,3,6.0,2,4,0.4276365557793516
2,3,6.0,2,5,0.4348605295239925
2,3,6.0,3,3,0.43660777041182885
2,3,6.0,3,4,0.44820318995489067
2,3,6.0,3,5,0.45576969514391
2,3,6.0,4,4,0.4601023810139525
2,3,6.0,4,5,0.46786717262164207
2,3,6.0,5,5,0.47576139454401223
3,3,3,2,2,0.28910354043104397
3,3,3,2,3,0.3009895077223824
3,3,3,2,4,0.3079009618094888
3,3,3,2,5,0.3124236802810661
3,3,3,3,3,0.3134760768310243
3,3,3,3,4,0.3207348157283926
3,3,3,3,5,0.32548407120777834
3,3,3,4,4,0.32819437895918024
3,3,3,4,5,0.33307463971345475
3,3,3,5,5,0.33804036240346286
3,3,3.5,2,2,0.32899323473979974
3,3,3.5,2,3,0.3433036773511117
3,3,3.5,2,4,0.3516105454721887
3,3,3.5,2,5,0.3570411237526793
3,3,3.5,3,3,0.3583344610865818
3,3,3.5,3,4,0.3670576832688222
3,3,3.5,3,5,0.37275979739062154
3,3,3.5,4,4,0.37602157593190594
3,3,3.5,4,5,0.3818806568688132
3,3,3.5,5,5,0.3878421153898554
3,3,4.0,2,2,0.3780512693641222
3,3,4.0,2,3,0.39491411370037943
3,3,4.0,2,4,0.40469479985549933
3,3,4.0,2,5,0.41108603420924483
3,3,4.0,3,3,0.4125874036234189
3,3,4.0,3,4,0.42283708865102065
3,3,4.0,3,5,0.42953440127905346
3,3,4.0,4,4,0.4333581960505725
3,3,4.0,4,5,0.44023265046743215
3,3,4.0,5,5,0.4472227173651152
3,3,4.5,2,2,0.41539230690890716
3,3,4.5,2,3,0.43458560974931837
3,3,4.5,2,4,0.4457051639574838
3,3,4.5,2,5,0.45296662054209014
3,3,4.5,3,3,0.4547222947548305
3,3,4.5,3,4,0.4663873217166365
3,3,4.5,3,5,0.47400460135314526
3,3,4.5,4,4,0.47836776363724187
3,3,4.5,4,5,0.4861908012706074
3,3,4.5,5,5,0.49414806554214846
3,3,5.0,2,2,0.47894962892489457
3,3,5.0,2,3,0.5018891154261116
3,3,5.0,2,4,0.515162834352279
3,3,5.0,2,5,0.5238251823561381
3,3,5.0,3,3,0.5259702358609522
3,3,5.0,3,4,0.5399037126818149
3,3,5.0,3,5,0.5489963113187158
3,3,5.0,4,4,0.5542184830610288
3,3,5.0,4,5,0.5635597417135545
3,3,5.0,5,5,0.5730631656101377
3,3,5.5,2,2,0.5280329393651411
3,3,5.5,2,3,0.5535569664232941
3,3,5.5,2,4,0.5683215520639803
3,3,5.5,2,5,0.5779551489597045
3,3,5.5,3,3,0.5803347415415315
3,3,5.5,3,4,0.5958241887059051
3,3,5.5,3,5,0.605930605592117
3,3,5.5,4,4,0.611732726051979
3,3,5.5,4,5,0.6221125139848276
3,3,5.5,5,5,0.6326706218531686
3,3,6.0,2,2,0.5781472780054928
3,3,6.0,2,3,0.6062560853617496
3,3,6.0,2,4,0.6225126213369445
3,3,6.0,2,5,0.6331185168260932
3,3,6.0,3,3,0.6357283860517162
3,3,6.0,3,4,0.6527735771374124
3,3,6.0,3,5,0.6638940285431875
3,3,6.0,4,4,0.6702749308000358
3,3,6.0,4,5,0.6816930036591182
3,3,6.0,5,5,0.6933052582309495
4,3,3,2,2,0.3821643384924513
4,3,3,2,3,0.3979336562844347
4,3,3,2,4,0.40710218162348516
4,3,3,2,5,0.41310150770738496
4,3,3,3,3,0.4145092815689744
4,3,3,3,4,0.42414387514016016
4,3,3,3,5,0.430447162759233
4,3,3,4,4,0.4340478882473072
4,3,3,4,5,0.4405268941994608
4,3,3,5,5,0.4471205085683881
4,3,3.5,2,2,0.4348081090644826
4,3,3.5,2,3,0.4537989277702187
4,3,3.5,2,4,0.4648211858867207
4,3,3.5,2,5,0.4720264067715418
4,3,3.5,3,3,0.47375675521499727
4,3,3.5,3,4,0.4853377355505444
4,3,3.5,3,5,0.4929072669911937
4,3,3.5,4,4,0.49724156346840476
4,3,3.5,4,5,0.5050216154455724
4,3,3.5,5,5,0.5129389462987988
4,3,4.0,2,2,0.49894296094392276
4,3,4.0,2,3,0.5213122937901807
4,3,4.0,2,4,0.5342846217647162
4,3,4.0,2,5,0.5427606491714773
4,3,4.0,3,3,0.5447721621521595
4,3,4.0,3,4,0.5583752755048829
4,3,4.0,3,5,0.5672628578809553
4,3,4.0,4,4,0.5723432702929034
4,3,4.0,4,5,0.5814689278458085
4,3,4.0,5,5,0.5907499262258844
4,3,4.5,2,2,0.5484950527886985
4,3,4.5,2,3,0.573967294235322
4,3,4.5,2,4,0.5887219638575579
4,3,4.5,2,5,0.5983563504870871
4,3,4.5,3,3,0.6007073028200083
4,3,4.5,3,4,0.616194690676226
4,3,4.5,3,5,0.6263069300673456
4,3,4.5,4,4,0.6321055857678767
4,3,4.5,4,5,0.6424940309615532
4,3,4.5,5,5,0.6530626173931675
4,3,5.0,2,2,0.6308137056483851
4,3,5.0,2,3,0.6611508854649399
4,3,5.0,2,4,0.6787026867807597
4,3,5.0,2,5,0.6901559750337226
4,3,5.0,3,3,0.6930136956574049
4,3,5.0,3,4,0.7114468438304007
4,3,5.0,3,5,0.723474771499733
4,3,5.0,4,4,0.7303891636108955
4,3,5.0,4,5,0.7427490803522874
4,3,5.0,5,5,0.7553254630351488
4,3,5.5,2,2,0.5159660081193805
4,3,5.5,2,3,0.5403832046280611
4,3,5.5,2,4,0.5545177471836846
4,3,5.5,2,5,0.5637439488871914
4,3,5.5,3,3,0.5660113551600606
4,3,5.5,3,4,0.5808458103206029
4,3,5.5,3,5,0.5905284825859336
4,3,5.5,4,4,0.5960848227560923
4,3,5.5,4,5,0.6060313469040455
4,3,5.5,5,5,0.6161499574956769
4,3,6.0,2,2,0.5637505291362358
4,3,6.0,2,3,0.5906927097245777
4,3,6.0,2,4,0.6062836937273388
4,3,6.0,2,5,0.616458688991639
4,3,6.0,3,3,0.618954218269397
4,3,6.0,3,4,0.6353080600843555
4,3,6.0,3,5,0.645980689169927
4,3,6.0,4,4,0.6521030107439317
4,3,6.0,4,5,0.6630633918363578
4,3,6.0,5,5,0.6742114859771966
5,3,3,2,2,0.4755668613805046
5,3,3,2,3,0.49523339965852936
5,3,3,2,4,0.5066670627998465
5,3,3,2,5,0.5141482756680094
5,3,3,3,3,0.515912616978856
5,3,3,3,4,0.5279315168550045
5,3,3,3,5,0.5357943670146221
5,3,3,4,4,0.5402886541820728
5,3,3,4,5,0.5483720810389873
5,3,3,5,5,0.5565993575998369
5,3,3.5,2,2,0.5410121204747693
5,3,3.5,2,3,0.5647000062526094
5,3,3.5,2,4,0.5784473446269711
5,3,3.5,2,5,0.5874335437447331
5,3,3.5,3,3,0.5896023665609607
5,3,3.5,3,4,0.6040512567262898
5,3,3.5,3,5,0.6134948420878699
5,3,3.5,4,4,0.6189054383395151
5,3,3.5,4,5,0.6286132719759677
5,3,3.5,5,5,0.6384933993001546
5,3,4.0,2,2,0.6202836380208518
5,3,4.0,2,3,0.6481792289790044
5,3,4.0,2,4,0.6643546642977071
5,3,4.0,2,5,0.6749229767590997
5,3,4.0,3,3,0.6774463430836974
5,3,4.0,3,4,0.694414869467819
5,3,4.0,3,5,0.7055005523577086
5,3,4.0,4,4,0.7118420366476322
5,3,4.0,4,5,0.7232269240569709
5,3,4.0,5,5,0.7348070085117138
5,3,4.5,2,2,0.5090796653209335
5,3,4.5,2,3,0.5319120051167889
5,3,4.5,2,4,0.5451526381719958
5,3,4.5,2,5,0.5538039025625687
5,3,4.5,3,3,0.5558922372336585
5,3,4.5,3,4,0.5697962148019721
5,3,4.5,3,5,0.5788800523361847
5,3,4.5,4,4,0.5840835562494525
5,3,4.5,4,5,0.5934174002138807
5,3,4.5,5,5,0.6029142872659672
5,3,5.0,2,2,0.5826690165922335
5,3,5.0,2,3,0.6099136235713238
5,3,5.0,2,4,0.6256912509918701
5,3,5.0,2,5,0.635992269298115
5,3,5.0,3,3,0.6385365881286118
5,3,5.0,3,4,0.6551104051909753
5,3,5.0,3,5,0.665930509399551
5,3,5.0,4,4,0.6721441616003866
5,3,5.0,4,5,0.6832641405745112
5,3,5.0,5,5,0.6945796384212187
5,3,5.5,2,2,0.4960410722900126
5,3,5.5,2,3,0.5189228270666357
5,3,5.5,2,4,0.5321798832469169
5,3,5.5,2,5,0.540837429729767
5,3,5.5,3,3,0.5429472048278984
5,3,5.5,3,4,0.5568645917260123
5,3,5.5,3,5,0.5659527605997843
5,3,5.5,4,4,0.5711636142344839
5,3,5.5,4,5,0.5805006690371616
5,3,5.5,5,5,0.5900000397321479
5,3,6.0,2,2,0.5408703581590606
5,3,6.0,2,3,0.5661722803318135
5,3,6.0,2,4,0.580824663314532
5,3,6.0,2,5,0.5903909446834327
5,3,6.0,3,3,0.592721045840169
5,3,6.0,3,4,0.6080942538470487
5,3,6.0,3,5,0.6181307051556524
5,3,6.0,4,4,0.6238842057695553
5,3,6.0,4,5,0.6341924926665227
5,3,6.0,5,5,0.644678096457269
6,3,3,2,2,0.5691373374347243
6,3,3,2,3,0.5927079458726768
6,3,3,2,4,0.6064107301577442
6,3,3,2,5,0.6153764365933002
6,3,3,3,3,0.6174979400668548
6,3,3,3,4,0.6319053233977304
6,3,3,3,5,0.641330469312519
6,3,3,4,4,0.6467198741726924
6,3,3,4,5,0.65641052826726
6,3,3,5,5,0.666274321055727
6,3,3.5,2,2,0.6474073394662534
6,3,3.5,2,3,0.6758005368556633
6,3,3.5,2,4,0.6922777416356222
6,3,3.5,2,5,0.7030480480852397
6,3,3.5,3,3,0.7056560763858011
6,3,3.5,3,4,0.7229778947888301
6,3,3.5,3,5,0.7342988146570192
6,3,3.5,4,4,0.7407875827704428
6,3,3.5,4,5,0.7524265662286375
6,3,3.5,5,5,0.7642729153117316
6,3,4.0,2,2,0.5552580713075465
6,3,4.0,2,3,0.5791893830221463
6,3,4.0,2,4,0.5930848764205273
6,3,4.0,2,5,0.6021704389727361
6,3,4.0,3,3,0.6043088307111293
6,3,4.0,3,4,0.6188913548971123
6,3,4.0,3,5,0.6284250888206504
6,3,4.0,4,4,0.6338711810943006
6,3,4.0,4,5,0.643664099380613
6,3,4.0,5,5,0.6536261040049502
6,3,4.5,2,2,0.6090273525335373
6,3,4.5,2,3,0.6363937554593354
6,3,4.5,2,4,0.6522627405223714
6,3,4.5,2,5,0.6626309796384144
6,3,4.5,3,3,0.6651428886994478
6,3,4.5,3,4,0.6818107960851976
6,3,4.5,3,5,0.6926999726505143
6,3,4.5,4,4,0.6989403464765699
6,3,4.5,4,5,0.7101305512639479
6,3,4.5,5,5,0.7215170557380428
6,3,5.0,2,2,0.540503478476152
6,3,5.0,2,3,0.5649876534368865
6,3,5.0,2,4,0.5791815709016208
6,3,5.0,2,5,0.5884540154700293
6,3,5.0,3,3,0.5907175200979274
6,3,5.0,3,4,0.6056309940047353
6,3,5.0,3,5,0.6153725584962896
6,3,5.0,4,4,0.6209601432158628
6,3,5.0,4,5,0.6309727227454599
6,3,5.0,5,5,0.6411620053512301
6,3,5.5,2,2,0.47420397991325136
6,3,5.5,2,3,0.4954598979840942
6,3,5.5,2,4,0.5077865544722091
6,3,5.5,2,5,0.5158407122564811
6,3,5.5,3,3,0.517783595333481
6,3,5.5,3,4,0.5307273119293526
6,3,5.5,3,5,0.539183864625832
6,3,5.5,4,4,0.5440276500400937
6,3,5.5,4,5,0.5527167719068121
6,3,5.5,5,5,0.5615575666696344
6,3,6.0,2,2,0.5159908018031449
6,3,6.0,2,3,0.5395487566041783
6,3,6.0,2,4,0.553202223882876
6,3,6.0,2,5,0.5621203341951069
6,3,6.0,3,3,0.5642736721552369
6,3,6.0,3,4,0.5786017320591407
6,3,6.0,3,5,0.5879598361994514
6,3,6.0,4,4,0.5933197840540475
6,3,6.0,4,5,0.6029322648082575
6,3,6.0,5,5,0.6127106690438276
7,3,3,2,2,0.6628028515763341
7,3,3,2,3,0.6902814194006341
7,3,3,2,4,0.7062555864072874
7,3,3,2,5,0.7167072663759221
7,3,3,3,3,0.7191862724685931
7,3,3,3,4,0.7359845122876917
7,3,3,3,5,0.7469735066253661
7,3,3,4,4,0.7532589139893565
7,3,3,4,5,0.764558390028734
7,3,3,5,5,0.7760603211763059
7,3,3.5,2,2,0.5674550846678619
7,3,3.5,2,3,0.5909948033054623
7,3,3.5,2,4,0.6046789444967816
7,3,3.5,2,5,0.6136322007720277
7,3,3.5,3,3,0.6157594440779504
7,3,3.5,3,4,0.6301512664627364
7,3,3.5,3,5,0.6395659291556608
7,3,3.5,4,4,0.6449519694184666
7,3,3.5,4,5,0.6546332325661428
7,3,3.5,5,5,0.6644883304705566
7,3,4.0,2,2,0.646392745240461
7,3,4.0,2,3,0.6742889826974384
7,3,4.0,2,4,0.6904859905165961
7,3,4.0,2,5,0.7010761475276227
7,3,4.0,3,3,0.7035758166974273
7,3,4.0,3,4,0.7205768261518181
7,3,4.0,3,5,0.7316914216423241
7,3,4.0,4,4,0.7380427226920162
7,3,4.0,4,5,0.7494605713847378
7,3,4.0,5,5,0.7610762423172771
7,3,4.5,2,2,0.5523820144157608
7,3,4.5,2,3,0.5762335293658505
7,3,4.5,2,4,0.5900818753718025
7,3,4.5,2,5,0.5991363128161254
7,3,4.5,3,3,0.6012997146460634
7,3,4.5,3,4,0.6158499331084846
7,3,4.5,3,5,0.6253620397599093
7,3,4.5,4,4,0.630805747496101
7,3,4.5,4,5,0.6405823434381467
7,3,4.5,5,5,0.6505314178699804
7,3,5.0,2,2,0.5043215047715038
7,3,5.0,2,3,0.5263892924860306
7,3,5.0,2,4,0.5391966252599241
7,3,5.0,2,5,0.5475684549994415
7,3,5.0,3,3,0.5495862675906419
7,3,5.0,3,4,0.5630459181339657
7,3,5.0,3,5,0.5718430474691356
7,3,5.0,4,4,0.576882436233035
7,3,5.0,4,5,0.5859252885894991
7,3,5.0,5,5,0.5951283604586443
7,3,5.5,2,2,0.5516787506549431
7,3,5.5,2,3,0.576431735842086
7,3,5.5,2,4,0.5907859379215084
7,3,5.5,2,5,0.6001647129680986
7,3,5.5,3,3,0.6024323907294529
7,3,5.5,3,4,0.6175075324981522
7,3,5.5,3,5,0.6273564158887355
7,3,5.5,4,4,0.6329992871740748
7,3,5.5,4,5,0.6431198467575032
7,3,5.5,5,5,0.6534175729314807
7,3,6.0,2,2,0.4917495378335017
7,3,6.0,2,3,0.5136102597620129
7,3,6.0,2,4,0.5262910296625003
7,3,6.0,2,5,0.534577795044922
7,3,6.0,3,3,0.5365591595088794
7,3,6.0,3,4,0.549868976583017
7,3,6.0,3,5,0.5585660256410615
7,3,6.0,4,4,0.5635424573990151
7,3,6.0,4,5,0.5724767094992701
7,3,6.0,5,5,0.5815656834093076
8,3,3,2,2,0.7228186307416437
8,3,3,2,3,0.7528089751480399
8,3,3,2,4,0.7702428991799719
8,3,3,2,5,0.7816495243431466
8,3,3,3,3,0.784359849857097
8,3,3,3,4,0.8026953455661594
8,3,3,3,5,0.8146897925070783
8,3,3,4,4,0.821551745629943
8,3,3,4,5,0.8338858349303997
8,3,3,5,5,0.8464413851176938
8,3,3.5,2,2,0.6188475568306261
8,3,3.5,2,3,0.6445392447034735
8,3,3.5,2,4,0.6594740160659979
8,3,3.5,2,5,0.6692454036216925
8,3,3.5,3,3,0.671571104225524
8,3,3.5,3,4,0.6872800858923634
8,3,3.5,3,5,0.697556236718374
8,3,3.5,4,4,0.7034363552481641
8,3,3.5,4,5,0.7140041373586771
8,3,3.5,5,5,0.7247620678233119
8,3,4.0,2,2,0.7047204385197935
8,3,4.0,2,3,0.7351643111195352
8,3,4.0,2,4,0.752839957823287
8,3,4.0,2,5,0.7643966948123655
8,3,4.0,3,3,0.7671303711115015
8,3,4.0,3,4,0.7856860193813482
8,3,4.0,3,5,0.7978167386343268
8,3,4.0,4,4,0.8047504519648134
8,3,4.0,4,5,0.8172130421100334
8,3,4.0,5,5,0.8298921116188116
8,3,4.5,2,2,0.6023150064810467
8,3,4.5,2,3,0.6283464980478825
8,3,4.5,2,4,0.6434601132157015
8,3,4.5,2,5,0.6533416583614469
8,3,4.5,3,3,0.6557072423108669
8,3,4.5,3,4,0.6715888756579694
8,3,4.5,3,5,0.6819711985250523
8,3,4.5,4,4,0.687914292488387
8,3,4.5,4,5,0.6985859934932348
8,3,4.5,5,5,0.7094463948421336
8,3,5.0,2,2,0.6853396671436108
8,3,5.0,2,3,0.7164360676235967
8,3,5.0,2,4,0.7344622291032431
8,3,5.0,2,5,0.7462378021698247
8,3,5.0,3,3,0.7491232245901919
8,3,5.0,3,4,0.7680681037912936
8,3,5.0,3,5,0.7804425831837941
8,3,5.0,4,4,0.7875436183281549
8,3,5.0,4,5,0.8002640319336904
8,3,5.0,5,5,0.8132099746762117
8,3,5.5,2,2,0.6011675193955719
8,3,5.5,2,3,0.6281609386110404
8,3,5.5,2,4,0.6438139852336335
8,3,5.5,2,5,0.6540412639714432
8,3,5.5,3,3,0.6565184135222689
8,3,5.5,3,4,0.6729595876756943
8,3,5.5,3,5,0.6837007634168608
8,3,5.5,4,4,0.6898561645895903
8,3,5.5,4,5,0.7008942984896863
8,3,5.5,5,5,0.7121260774213842
8,3,6.0,2,2,0.5358221681769545
8,3,6.0,2,3,0.559660459708789
8,3,6.0,2,4,0.5734880155532406
8,3,6.0,2,5,0.5825240692098705
8,3,6.0,3,3,0.5846886209573838
8,3,6.0,3,4,0.5992039502755174
8,3,6.0,3,5,0.6086885691891072
8,3,6.0,4,4,0.6141168601988599
8,3,6.0,4,5,0.6238607924344713
8,3,6.0,5,5,0.6337738605001136
9,3,3,2,2,0.8124045021470492
9,3,3,2,3,0.8461325307598644
9,3,3,2,4,0.8657388711467721
9,3,3,2,5,0.87856672486414
9,3,3,3,3,0.8816189635731926
9,3,3,3,4,0.9022411377125567
9,3,3,3,5,0.9157312910806428
9,3,3,4,4,0.9234502010362723
9,3,3,4,5,0.9373230085211759
9,3,3,5,5,0.9514453145300423
9,3,3.5,2,2,0.6955562981873435
9,3,3.5,2,3,0.7244501379389363
9,3,3.5,2,4,0.7412460332171327
9,3,3.5,2,5,0.7522349857937511
9,3,3.5,3,3,0.7548540445806662
9,3,3.5,3,4,0.7725222500761744
9,3,3.5,3,5,0.7840799068689848
9,3,3.5,4,4,0.790694391212285
9,3,3.5,4,5,0.8025806036074212
9,3,3.5,5,5,0.8146810330133953
9,3,4.0,2,2,0.6187964158595336
9,3,4.0,2,3,0.6442850462834987
9,3,4.0,2,4,0.6591052777113103
9,3,4.0,2,5,0.668803013160244
9,3,4.0,3,3,0.6710584471748843
9,3,4.0,3,4,0.6866215795212951
9,3,4.0,3,5,0.6968039209069002
9,3,4.0,4,4,0.7026143153497586
9,3,4.0,4,5,0.7130769061887346
9,3,4.0,5,5,0.7237223210585247
9,3,4.5,2,2,0.6768918532229069
9,3,4.5,2,3,0.7061674153041292
9,3,4.5,2,4,0.7231641196728074
9,3,4.5,2,5,0.734276720663762
9,3,4.5,3,3,0.7369410007219601
9,3,4.5,3,4,0.7548031805969729
9,3,4.5,3,5,0.7664800851537524
9,3,4.5,4,4,0.7731654257777015
9,3,4.5,4,5,0.7851683966014685
9,3,4.5,5,5,0.7973839841621043
9,3,5.0,2,2,0.6174472800916598
9,3,5.0,2,3,0.6444943663076995
9,3,5.0,2,4,0.6601909598377097
9,3,5.0,2,5,0.670451228628614
9,3,5.0,3,3,0.6729313000523859
9,3,5.0,3,4,0.6894306889649277
9,3,5.0,3,5,0.700214328723785
9,3,5.0,4,4,0.7063938226956363
9,3,5.0,4,5,0.7174798091949748
9,3,5.0,5,5,0.728762921766439
9,3,5.5,2,2,0.5543887306971086
9,3,5.5,2,3,0.5785036843036054
9,3,5.5,2,4,0.592501737683192
9,3,5.5,2,5,0.6016528701098404
9,3,5.5,3,3,0.6038425607610638
9,3,5.5,3,4,0.6185478514671526
9,3,5.5,3,5,0.6281601595600156
9,3,5.5,4,4,0.6336618492363403
9,3,5.5,4,5,0.6435406801333576
9,3,5.5,5,5,0.6535933186774308
9,3,6.0,2,2,0.6018337692681877
9,3,6.0,2,3,0.6286249213458912
9,3,6.0,2,4,0.6441650011107005
9,3,6.0,2,5,0.6543200475680647
9,3,6.0,3,3,0.656756181544558
9,3,6.0,3,4,0.6730708245466291
9,3,6.0,3,5,0.6837310216854009
9,3,6.0,4,4,0.6898331890195816
9,3,6.0,4,5,0.7007853920157381
9,3,6.0,5,5,0.7119280474114256
10,3,3,2,2,0.683294503733362
10,3,3,2,3,0.7097210244367719
10,3,3,2,4,0.7251147998091072
10,3,3,2,5,0.7351982744500173
10,3,3,3,3,0.7375404225805494
10,3,3,3,4,0.7537393795736983
10,3,3,3,5,0.7643479845764882
10,3,3,4,4,0.7704037995413925
10,3,3,4,5,0.7813159801633305
10,3,3,5,5,0.7924261560820545
10,3,3.5,2,2,0.7722874005054489
10,3,3.5,2,3,0.8043843133159461
10,3,3.5,2,4,0.8230418680931121
10,3,3.5,2,5,0.8352487361430923
10,3,3.5,3,3,0.8381612350497065
10,3,3.5,3,4,0.8577892270005522
10,3,3.5,3,5,0.8706287578486644
10,3,3.5,4,4,0.8779778181743871
10,3,3.5,4,5,0.891182839136641
10,3,3.5,5,5,0.9046261524148409
10,3,4.0,2,2,0.6869570185265941
10,3,4.0,2,3,0.7152688401001214
10,3,4.0,2,4,0.73173032666826
10,3,4.0,2,5,0.7425019293117916
10,3,4.0,3,3,0.7450104362736701
10,3,4.0,3,4,0.7622986258110876
10,3,4.0,3,5,0.7736094834497442
10,3,4.0,4,4,0.7800648538694364
10,3,4.0,4,5,0.7916875478305863
10,3,4.0,5,5,0.8035136657169945
10,3,4.5,2,2,0.6049978406252572
10,3,4.5,2,3,0.630049413929994
10,3,4.5,2,4,0.64461321837616
10,3,4.5,2,5,0.6541423113580388
10,3,4.5,3,3,0.6563920254658336
10,3,4.5,3,4,0.6717019003116932
10,3,4.5,3,5,0.6817174998479227
10,3,4.5,4,4,0.6874429475195324
10,3,4.5,4,5,0.6977397232473961
10,3,4.5,5,5,0.7082198644648761
10,3,5.0,2,2,0.6852800474636593
10,3,5.0,2,3,0.7153099173740174
10,3,5.0,2,4,0.7327373384432054
10,3,5.0,2,5,0.7441289066334653
10,3,5.0,3,3,0.7468851967287998
10,3,5.0,3,4,0.7652052281205013
10,3,5.0,3,5,0.7771787063469692
10,3,5.0,4,4,0.7840408641227495
10,3,5.0,4,5,0.7963504916675547
10,3,5.0,5,5,0.8088792786942616
10,3,5.5,2,2,0.615263625453219
10,3,5.5,2,3,0.6420372688572785
10,3,5.5,2,4,0.6575784194376982
10,3,5.5,2,5,0.6677382689460356
10,3,5.5,3,3,0.6701719556047535
10,3,5.5,3,4,0.686499540084459
10,3,5.5,3,5,0.697172194024674
10,3,5.5,4,4,0.7032815769600141
10,3,5.5,4,5,0.7142505768620551
10,3,5.5,5,5,0.7254128278498204
10,3,6.0,2,2,0.5587663801729573
10,3,6.0,2,3,0.5829286847977808
10,3,6.0,2,4,0.5969568232390364
10,3,6.0,2,5,0.6061285749873467
10,3,6.0,3,3,0.6083042698801376
10,3,6.0,3,4,0.6230337348611632
10,3,6.0,3,5,0.6326628947255674
10,3,6.0,4,4,0.6381686286112201
10,3,6.0,4,5,0.6480622233745557
10,3,6.0,5,5,0.6581282966503582
11,3,3,2,2,0.7512181139147227
11,3,3,2,3,0.780281457694682
11,3,3,2,4,0.7972110514343702
11,3,3,2,5,0.808300481469211
11,3,3,3,3,0.8108785993518515
11,3,3,3,4,0.8286948079038978
11,3,3,3,5,0.8403624675003458
11,3,3,4,4,0.8470235377655817
11,3,3,4,5,0.8590254582692574
11,3,3,5,5,0.8712453832561556
11,3,3.5,2,2,0.6672951973361264
11,3,3.5,2,3,0.693395661819308
11,3,3.5,2,4,0.7085946293287932
11,3,3.5,2,5,0.7185486908249322
11,3,3.5,3,3,0.720875029721632
11,3,3.5,3,4,0.7368709365455448
11,3,3.5,3,5,0.7473446949668946
11,3,3.5,4,4,0.7533274493846129
11,3,3.5,4,5,0.7641015832204051
11,3,3.5,5,5,0.7750716042979687
11,3,4.0,2,2,0.7551320843889234
11,3,4.0,2,3,0.7862676885175996
11,3,4.0,2,4,0.804370774145116
11,3,4.0,2,5,0.8162164690484277
11,3,4.0,3,3,0.818978100355894
11,3,4.0,3,4,0.8379917077642186
11,3,4.0,3,5,0.8504313176568379
11,3,4.0,4,4,0.8575317984280847
11,3,4.0,4,5,0.8703148378385326
11,3,4.0,5,5,0.8833219051965431
11,3,4.5,2,2,0.6650846438672712
11,3,4.5,2,3,0.6926359029358478
11,3,4.5,2,4,0.7086527016792301
11,3,4.5,2,5,0.7191324129199498
11,3,4.5,3,3,0.7216089687353687
11,3,4.5,3,4,0.7384473746742322
11,3,4.5,3,5,0.7494628376196487
11,3,4.5,4,4,0.7557605888236613
11,3,4.5,4,5,0.7670856769415357
11,3,4.5,5,5,0.7786126787293763
11,3,5.0,2,2,0.6198513028854815
11,3,5.0,2,3,0.6460120637373082
11,3,5.0,2,4,0.6612118870132515
11,3,5.0,2,5,0.6711538891213263
11,3,5.0,3,3,0.6735255806466175
11,3,5.0,3,4,0.6895069154636162
11,3,5.0,3,5,0.6999584566445063
11,3,5.0,4,4,0.7059397778731488
11,3,5.0,4,5,0.7166857248910372
11,3,5.0,5,5,0.7276236362600749
11,3,5.5,2,2,0.5668607182314813
11,3,5.5,2,3,0.590708844464278
11,3,5.5,2,4,0.6045663417544535
11,3,5.5,2,5,0.6136308428574633
11,3,5.5,3,3,0.6157746936919245
11,3,5.5,3,4,0.6303359419791376
11,3,5.5,3,5,0.6398593746606019
11,3,5.5,4,4,0.6453039359069718
11,3,5.5,4,5,0.655092628687849
11,3,5.5,5,5,0.6650543162366979
11,3,6.0,2,2,0.6140389154482555
11,3,6.0,2,3,0.6406005152096592
11,3,6.0,2,4,0.6560214670600469
11,3,6.0,2,5,0.6661037940615123
11,3,6.0,3,3,0.6684977582309586
11,3,6.0,3,4,0.6846907349418604
11,3,6.0,3,5,0.6952765679515833
11,3,6.0,4,4,0.7013299916055886
11,3,6.0,4,5,0.7122068972765198
11,3,6.0,5,5,0.7232736515955961
12,3,3,2,2,0.819152465069449
12,3,3,2,3,0.8508530449916989
12,3,3,2,4,0.8693186977463753
12,3,3,2,5,0.8814142408199186
12,3,3,3,3,0.8842283645165727
12,3,3,3,4,0.9036620775859494
12,3,3,3,5,0.9163889574515166
12,3,3,4,4,0.9236553774192636
12,3,3,4,5,0.9367472081244091
12,3,3,5,5,0.9500770555288529
12,3,3.5,2,2,0.7276420572864826
12,3,3.5,2,3,0.7561111155787513
12,3,3.5,2,4,0.7726892384884765
12,3,3.5,2,5,0.7835464813995042
12,3,3.5,3,3,0.7860857697574654
12,3,3.5,3,4,0.8035340305699851
12,3,3.5,3,5,0.8149586957264848
12,3,3.5,4,4,0.8214851900889214
12,3,3.5,4,5,0.8332378059597738
12,3,3.5,5,5,0.8452042887386786
12,3,4.0,2,2,0.6649450899049049
12,3,4.0,2,3,0.6909929237174517
12,3,4.0,2,4,0.7061605885853318
12,3,4.0,2,5,0.716093907039599
12,3,4.0,3,3,0.7183686826248293
12,3,4.0,3,4,0.7343044199719907
12,3,4.0,3,5,0.7447388332635544
12,3,4.0,4,4,0.7506844323117035
12,3,4.0,4,5,0.7614087024093029
12,3,4.0,5,5,0.7723220866898278
12,3,4.5,2,2,0.5991966724224441
12,3,4.5,2,3,0.622897309118695
12,3,4.5,2,4,0.6366943588520868
12,3,4.5,2,5,0.6457286384622369
12,3,4.5,3,3,0.6478298895061126
12,3,4.5,3,4,0.662339096418913
12,3,4.5,3,5,0.6718378451287106
12,3,4.5,4,4,0.677260002926874
12,3,4.5,4,5,0.6870272704273604
12,3,4.5,5,5,0.6969696748161199
12,3,5.0,2,2,0.6757172334213227
12,3,5.0,2,3,0.7042419469323609
12,3,5.0,2,4,0.7208151550489612
12,3,5.0,2,5,0.7316554296286654
12,3,5.0,3,3,0.7342431704759722
12,3,5.0,3,4,0.7516693604676753
12,3,5.0,3,5,0.7630657631911828
12,3,5.0,4,4,0.7695883566335717
12,3,5.0,4,5,0.7813060745184872
12,3,5.0,5,5,0.7932332993083085
12,3,5.5,2,2,0.61792927175849
12,3,5.5,2,3,0.6439319114688911
12,3,5.5,2,4,0.6590412303262138
12,3,5.5,2,5,0.6689245366033879
12,3,5.5,3,3,0.6712637612449035
12,3,5.5,3,4,0.6871412381702375
12,3,5.5,3,5,0.6975254685250241
12,3,5.5,4,4,0.7034626720864415
12,3,5.5,4,5,0.7141364249294515
12,3,5.5,5,5,0.7249989924393592
12,3,6.0,2,2,0.5697531755028931
12,3,6.0,2,3,0.5936541349751059
12,3,6.0,2,4,0.6075435507611047
12,3,6.0,2,5,0.6166293781947675
12,3,6.0,3,3,0.618761708633932
12,3,6.0,3,4,0.6333486793375503
12,3,6.0,3,5,0.6428894798224037
12,3,6.0,4,4,0.6483389441811217
12,3,6.0,4,5,0.6581428013000873
12,3,6.0,5,5,0.6681182470666703
13,3,3,2,2,0.7017261376560224
13,3,3,2,3,0.7269034673525099
13,3,3,2,4,0.7415996905511293
13,3,3,2,5,0.7512374694978478
13,3,3,3,3,0.7534246638585442
13,3,3,3,4,0.7688984151687016
13,3,3,3,5,0.7790435206557774
13,3,3,4,4,0.7848220065034198
13,3,3,4,5,0.7952606218988454
13,3,3,5,5,0.8058907446452042
13,3,3.5,2,2,0.7879962455847895
13,3,3.5,2,3,0.8188341827974437
13,3,3.5,2,4,0.8367916271559598
13,3,3.5,2,5,0.8485521602379177
13,3,3.5,3,3,0.8513044231217058
13,3,3.5,3,4,0.8702052125037861
13,3,3.5,3,5,0.8825808987164778
13,3,3.5,4,4,0.8896511982165454
13,3,3.5,4,5,0.9023824136614651
13,3,3.5,5,5,0.9153454777794284
13,3,4.0,2,2,0.7200379153391467
13,3,4.0,2,3,0.7482517410659517
13,3,4.0,2,4,0.7646805323357837
13,3,4.0,2,5,0.775439714971147
13,3,4.0,3,3,0.7779054866709788
13,3,4.0,3,4,0.7951671044571776
13,3,4.0,3,5,0.8064696190608251
13,3,4.0,4,4,0.8129104388902652
13,3,4.0,4,5,0.8245272331077429
13,3,4.0,5,5,0.8363490725689584
13,3,4.5,2,2,0.6488704061478372
13,3,4.5,2,3,0.6745426573523894
13,3,4.5,2,4,0.6894873441726994
13,3,4.5,2,5,0.6992730515189064
13,3,4.5,3,3,0.7015506290740818
13,3,4.5,3,4,0.7172674441225135
13,3,4.5,3,5,0.7275567263997591
13,3,4.5,4,4,0.7334306165401194
13,3,4.5,4,5,0.7440110178427356
13,3,4.5,5,5,0.7547812938632791
13,3,5.0,2,2,0.6149021629410205
13,3,5.0,2,3,0.6398509639846945
13,3,5.0,2,4,0.6543638203214273
13,3,5.0,2,5,0.6638628212155396
13,3,5.0,3,3,0.6660976740994798
13,3,5.0,3,4,0.681360570758967
13,3,5.0,3,5,0.6913486619124616
13,3,5.0,4,4,0.6970569286447865
13,3,5.0,4,5,0.7073276840569068
13,3,5.0,5,5,0.717782771907226
13,3,5.5,2,2,0.5706816699528465
13,3,5.5,2,3,0.5938584369895461
13,3,5.5,2,4,0.6073401103993157
13,3,5.5,2,5,0.6161640376581945
13,3,5.5,3,3,0.6182253891327139
13,3,5.5,3,4,0.6323950567323419
13,3,5.5,3,5,0.6416676913645164
13,3,5.5,4,4,0.6469624489172398
13,3,5.5,4,5,0.656494488406571
13,3,5.5,5,5,0.666195721696118
13,3,6.0,2,2,0.6168282749824586
13,3,6.0,2,3,0.6427094604582119
13,3,6.0,2,4,0.6577495358663735
13,3,6.0,2,5,0.6675880372147343
13,3,6.0,3,3,0.6698985479854234
13,3,6.0,3,4,0.6856947123293484
13,3,6.0,3,5,0.6960263570831317
13,3,6.0,4,4,0.7019280000704324
13,3,6.0,4,5,0.7125447627204332
13,3,6.0,5,5,0.7233475013493604
1,3.5,3,2,2,0.13880629854105658
1,3.5,3,2,3,0.14422515396298055
1,3.5,3,2,4,0.14738086357540234
1,3.5,3,2,5,0.14944765490506018
1,3.5,3,3,3,0.14989796522993026
1,3.5,3,3,4,0.15320085817883047
1,3.5,3,3,5,0.15536378253795607
1,3.5,3,4,4,0.1565890588318015
1,3.5,3,4,5,0.1588077043006066
1,3.5,3,5,5,0.16106274644492022
1,3.5,3.5,2,2,0.15773360956576796
1,3.5,3.5,2,3,0.16426376437351256
1,3.5,3.5,2,4,0.1680601080145532
1,3.5,3.5,2,5,0.17054406171329325
1,3.5,3.5,3,3,0.17109828598864715
1,3.5,3.5,3,4,0.1750709769708004
1,3.5,3.5,3,5,0.17767009498041292
1,3.5,3.5,4,4,0.1791458490183316
1,3.5,3.5,4,5,0.18181169942871603
1,3.5,3.5,5,5,0.1845211324348253
1,3.5,4.0,2,2,0.18263051338868233
1,3.5,4.0,2,3,0.1903717334425951
1,3.5,4.0,2,4,0.19486891075267335
1,3.5,4.0,2,5,0.19781023574947604
1,3.5,4.0,3,3,0.1984490598183105
1,3.5,4.0,3,4,0.20314135180231307
1,3.5,4.0,3,5,0.20621023687393475
1,3.5,4.0,4,4,0.20794691311138472
1,3.5,4.0,4,5,0.21108985112081746
1,3.5,4.0,5,5,0.21428120359925476
1,3.5,4.5,2,2,0.19973228404873192
1,3.5,4.5,2,3,0.20852176391425928
1,3.5,4.5,2,4,0.2136219334868696
1,3.5,4.5,2,5,0.21695544879192324
1,3.5,4.5,3,3,0.21770586961017968
1,3.5,4.5,3,4,0.2230348794355064
1,3.5,4.5,3,5,0.2265179138601075
1,3.5,4.5,4,4,0.22849659435469993
1,3.5,4.5,4,5,0.2320663362552898
1,3.5,4.5,5,5,0.2356927318322849
1,3.5,5.0,2,2,0.23398366295713535
1,3.5,5.0,2,3,0.24478779375815538
1,3.5,5.0,2,4,0.25104718607917786
1,3.5,5.0,2,5,0.2551348141965971
1,3.5,5.0,3,3,0.25609359490208555
1,3.5,5.0,3,4,0.2626435770697743
1,3.5,5.0,3,5,0.26692095220638223
1,3.5,5.0,4,4,0.2693618828614144
1,3.5,5.0,4,5,0.2737491689736054
1,3.5,5.0,5,5,0.27820822424650105
1,3.5,5.5,2,2,0.25869068592924166
1,3.5,5.5,2,3,0.27072810296904326
1,3.5,5.5,2,4,0.2777002099164171
1,3.5,5.5,2,5,0.2822526182126435
1,3.5,5.5,3,3,0.28331348746599655
1,3.5,5.5,3,4,0.29060321410112183
1,3.5,5.5,3,5,0.29536309624439183
1,3.5,5.5,4,4,0.2980770385669964
1,3.5,5.5,4,5,0.3029571743731823
1,3.5,5.5,5,5,0.3079158598680092
1,3.5,6.0,2,2,0.2840321182929991
1,3.5,6.0,2,3,0.2973052066713552
1,3.5,6.0,2,4,0.30499191944874643
1,3.5,6.0,2,5,0.3100105282176498
1,3.5,6.0,3,3,0.31117109373548596
1,3.5,6.0,3,4,0.31920164124597394
1,3.5,6.0,3,5,0.32444493098086763
1,3.5,6.0,4,4,0.3274316079445891
1,3.5,6.0,4,5,0.3328052052165294
1,3.5,6.0,5,5,0.3382639485262563
2,3.5,3,2,2,0.25143333149578484
2,3.5,3,2,3,0.2614360621886805
2,3.5,3,2,4,0.2672581126891482
2,3.5,3,2,5,0.27107003669079377
2,3.5,3,3,3,0.27194235628772767
2,3.5,3,3,4,0.27805571827164643
2,3.5,3,3,5,0.28205771508584493
2,3.5,3,4,4,0.284337614502729
2,3.5,3,4,5,0.2884495796080492
2,3.5,3,5,5,0.2926333005460962
2,3.5,3.5,2,2,0.2853895909057295
2,3.5,3.5,2,3,0.2974611259290439
2,3.5,3.5,2,4,0.3044744896385567
2,3.5,3.5,2,5,0.3090616909457589
2,3.5,3.5,3,3,0.31013618950493865
2,3.5,3.5,3,4,0.31749854562762897
2,3.5,3.5,3,5,0.32231340570063166
2,3.5,3.5,4,4,0.32506272387830404
2,3.5,3.5,4,5,0.33000924508171064
2,3.5,3.5,5,5,0.33504165939984004
2,3.5,4.0,2,2,0.32803105362560986
2,3.5,4.0,2,3,0.34230116411246986
2,3.5,4.0,2,4,0.35058469028359235
2,3.5,4.0,2,5,0.35600003152401494
2,3.5,4.0,3,3,0.35724654576645215
2,3.5,4.0,3,4,0.3659210888341603
2,3.5,4.0,3,5,0.37159170263936064
2,3.5,4.0,4,4,0.3748220650447875
2,3.5,4.0,4,5,0.38064050934296934
2,3.5,4.0,5,5,0.3865554690821069
2,3.5,4.5,2,2,0.35961976517595085
2,3.5,4.5,2,3,0.3758676026837215
2,3.5,4.5,2,4,0.38528774335306865
2,3.5,4.5,2,5,0.39144197831603444
2,3.5,4.5,3,3,0.3929028222981056
2,3.5,4.5,3,4,0.4027784941071236
2,3.5,4.5,3,5,0.40922997397847305
2,3.5,4.5,4,4,0.4129177236355048
2,3.5,4.5,4,5,0.4195411868114852
2,3.5,4.5,5,5,0.42627687892408916
2,3.5,5.0,2,2,0.41601621351581786
2,3.5,5.0,2,3,0.4356015440423707
2,3.5,5.0,2,4,0.44694110954789323
2,3.5,5.0,2,5,0.45434366346084776
2,3.5,5.0,3,3,0.45614977299132137
2,3.5,5.0,3,4,0.468046064762886
2,3.5,5.0,3,5,0.47581177217586995
2,3.5,5.0,4,4,0.48026425687893376
2,3.5,5.0,4,5,0.4882399454352106
2,3.5,5.0,5,5,0.4963526101309222
2,3.5,5.5,2,2,0.4587404777175133
2,3.5,5.5,2,3,0.4805524076623877
2,3.5,5.5,2,4,0.493176924952085
2,3.5,5.5,2,5,0.5014167796326156
2,3.5,5.5,3,3,0.5034197528203179
2,3.5,5.5,3,4,0.5166548042002623
2,3.5,5.5,3,5,0.5252930262147155
2,3.5,5.5,4,4,0.5302430424059311
2,3.5,5.5,4,5,0.5391117176124769
2,3.5,5.5,5,5,0.5481307635863155
2,3.5,6.0,2,2,0.5024477111675825
2,3.5,6.0,2,3,0.5264867028170254
2,3.5,6.0,2,4,0.5403973082978939
2,3.5,6.0,2,5,0.5494755211991753
2,3.5,6.0,3,3,0.5516713859107409
2,3.5,6.0,3,4,0.566245094546178
2,3.5,6.0,3,5,0.5757561006773659
2,3.5,6.0,4,4,0.5812025917285734
2,3.5,6.0,4,5,0.590964087615199
2,3.5,6.0,5,5,0.6008890719764168
3,3.5,3,2,2,0.36918838666334064
3,3.5,3,2,3,0.3839763156876676
3,3.5,3,2,4,0.392581826114767
3,3.5,3,2,5,0.3982155458151427
3,3.5,3,3,3,0.3995267409401554
3,3.5,3,3,4,0.40857305915864206
3,3.5,3,3,5,0.4144942853002127
3,3.5,3,4,4,0.41787422773319444
3,3.5,3,4,5,0.4239616799937092
3,3.5,3,5,5,0.43015755569673714
3,3.5,3.5,2,2,0.4188702789913054
3,3.5,3.5,2,3,0.43672640433644105
3,3.5,3.5,2,4,0.4470979719433729
3,3.5,3.5,2,5,0.4538807263315023
3,3.5,3.5,3,3,0.4554963742009884
3,3.5,3.5,3,4,0.46639599421683814
3,3.5,3.5,3,5,0.47352307512364095
3,3.5,3.5,4,4,0.477600766442995
3,3.5,3.5,4,5,0.4849268370938755
3,3.5,3.5,5,5,0.49238267261865065
3,3.5,4.0,2,2,0.4801375784568989
3,3.5,4.0,2,3,0.5012288293407156
3,3.5,4.0,2,4,0.5134680265030548
3,3.5,4.0,2,5,0.5214679689389412
3,3.5,4.0,3,3,0.523347497955892
3,3.5,4.0,3,4,0.5361810612557998
3,3.5,4.0,3,5,0.5445688273507029
3,3.5,4.0,4,4,0.5493584929389095
3,3.5,4.0,4,5,0.5579706422352911
3,3.5,4.0,5,5,0.5667292109361848
3,3.5,4.5,2,2,0.5268590987774622
3,3.5,4.5,2,3,0.5508960467975371
3,3.5,4.5,2,4,0.5648275728535513
3,3.5,4.5,2,5,0.5739274638757624
3,3.5,4.5,3,3,0.5761278883503556
3,3.5,4.5,3,4,0.5907501080153643
3,3.5,4.5,3,5,0.6003004767211335
3,3.5,4.5,4,4,0.6057716019039644
3,3.5,4.5,4,5,0.6155823915677376
3,3.5,4.5,5,5,0.6255630408428103
3,3.5,5.0,2,2,0.6064997540686988
3,3.5,5.0,2,3,0.6352724982505141
3,3.5,5.0,2,4,0.651926997691251
3,3.5,5.0,2,5,0.6627975835786275
3,3.5,5.0,3,3,0.665489706426473
3,3.5,5.0,3,4,0.6829787550775981
3,3.5,5.0,3,5,0.6943935000056547
3,3.5,5.0,4,4,0.7009499964350887
3,3.5,5.0,4,5,0.7126791595774874
3,3.5,5.0,5,5,0.7246133455083565
3,3.5,5.5,2,2,0.6680780354130144
3,3.5,5.5,2,3,0.7001189647081183
3,3.5,5.5,2,4,0.7186583164939414
3,3.5,5.5,2,5,0.7307566829816871
3,3.5,5.5,3,3,0.7337453246072905
3,3.5,5.5,3,4,0.7532010853292593
3,3.5,5.5,3,5,0.7658971376599053
3,3.5,5.5,4,4,0.7731865651847458
3,3.5,5.5,4,5,0.7862281089268954
3,3.5,5.5,5,5,0.7994949900657278
3,3.5,6.0,2,2,0.7309975056659387
3,3.5,6.0,2,3,0.7663055940331274
3,3.5,6.0,2,4,0.7867304154097636
3,3.5,6.0,2,5,0.8000574057199208
3,3.5,6.0,3,3,0.803337084931231
3,3.5,6.0,3,4,0.8247585228229617
3,3.5,6.0,3,5,0.8387356760612495
3,3.5,6.0,4,4,0.8467562949052545
3,3.5,6.0,4,5,0.8611094337713144
3,3.5,6.0,5,5,0.8757078568620237
4,3.5,3,2,2,0.4880748059122052
4,3.5,3,2,3,0.5076924004432095
4,3.5,3,2,4,0.5191072536368958
4,3.5,3,2,5,0.526579716128082
4,3.5,3,3,3,0.5283335393969301
4,3.5,3,3,4,0.540339919484972
4,3.5,3,3,5,0.5481981196281474
4,3.5,3,4,4,0.5526881729000827
4,3.5,3,4,5,0.560769318062974
4,3.5,3,5,5,0.5689958550344582
4,3.5,3.5,2,2,0.5536360298259415
4,3.5,3.5,2,3,0.5773303984114653
4,3.5,3.5,2,4,0.5910913400302575
4,3.5,3.5,2,5,0.6000900347653505
4,3.5,3.5,3,3,0.6022514603621095
4,3.5,3.5,3,4,0.616720977769655
4,3.5,3.5,3,5,0.6261816210572281
4,3.5,3.5,4,4,0.6315998230266381
4,3.5,3.5,4,5,0.6413273360975443
4,3.5,3.5,5,5,0.6512288454244928
4,3.5,4.0,2,2,0.6337262088970211
4,3.5,4.0,2,3,0.6617024971806493
4,3.5,4.0,2,4,0.6779344377493877
4,3.5,4.0,2,5,0.6885432116052921
4,3.5,4.0,3,3,0.6910612036498239
4,3.5,4.0,3,4,0.7080925081321342
4,3.5,4.0,3,5,0.7192227317650719
4,3.5,4.0,4,4,0.7255860686053904
4,3.5,4.0,4,5,0.7370178492364131
4,3.5,4.0,5,5,0.7486463582956526
4,3.5,4.5,2,2,0.6957217799487068
4,3.5,4.5,2,3,0.7276203363893056
4,3.5,4.5,2,4,0.7461052633602507
4,3.5,4.5,2,5,0.758178254355473
4,3.5,4.5,3,3,0.7611246046217307
4,3.5,4.5,3,4,0.7805372978467909
4,3.5,4.5,3,5,0.7932152449184481
4,3.5,4.5,4,4,0.8004860853415335
4,3.5,4.5,4,5,0.8135136106922282
4,3.5,4.5,5,5,0.8267690956752054
4,3.5,5.0,2,2,0.7988649516946054
4,3.5,5.0,2,3,0.8369138908673625
4,3.5,5.0,2,4,0.8589346929852864
4,3.5,5.0,2,5,0.8733068334485016
4,3.5,5.0,3,3,0.8768931628376924
4,3.5,5.0,3,4,0.9000288195988173
4,3.5,5.0,3,5,0.915127742214253
4,3.5,5.0,4,4,0.9238083936660769
4,3.5,5.0,4,5,0.9393271048474595
4,3.5,5.0,5,5,0.955119493631426
4,3.5,5.5,2,2,0.65373743135928
4,3.5,5.5,2,3,0.6843472806820419
4,3.5,5.5,2,4,0.702072965307266
4,3.5,5.5,2,5,0.7136455591387807
4,3.5,5.5,3,3,0.7164898871971305
4,3.5,5.5,3,4,0.7351012386847926
4,3.5,5.5,3,5,0.7472513595935466
4,3.5,5.5,4,4,0.754224382375408
4,3.5,5.5,4,5,0.7667082449339194
4,3.5,5.5,5,5,0.7794097458689562
4,3.5,6.0,2,2,0.7136534487901256
4,3.5,6.0,2,3,0.7474571099384815
4,3.5,6.0,2,4,0.7670246568706677
4,3.5,6.0,2,5,0.779796988043938
4,3.5,6.0,3,3,0.7829298033013775
4,3.5,6.0,3,4,0.8034621658705063
4,3.5,6.0,3,5,0.8168637837119378
4,3.5,6.0,4,4,0.8245522815804118
4,3.5,6.0,4,5,0.8383176940890057
4,3.5,6.0,5,5,0.8523203948731132
5,3.5,3,2,2,0.6073974657421876
5,3.5,3,2,3,0.6318619846401284
5,3.5,3,2,4,0.6460962258326804
5,3.5,3,2,5,0.655414008098397
5,3.5,3,3,3,0.6576119420135964
5,3.5,3,3,4,0.6725889182661007
5,3.5,3,3,5,0.6823909884175381
5,3.5,3,4,4,0.687995073600689
5,3.5,3,4,5,0.6980769921440795
5,3.5,3,5,5,0.708341391203516
5,3.5,3.5,2,2,0.6888970944789757
5,3.5,3.5,2,3,0.7184505346183365
5,3.5,3.5,2,4,0.7356129502225996
5,3.5,3.5,2,5,0.746835499247108
5,3.5,3.5,3,3,0.7495445301447574
5,3.5,3.5,3,4,0.7675966304410843
5,3.5,3.5,3,5,0.7793991319099939
5,3.5,3.5,4,4,0.7861625726383471
5,3.5,3.5,4,5,0.7983000446439944
5,3.5,3.5,5,5,0.8106558882438945
5,3.5,4.0,2,2,0.7878849502459397
5,3.5,4.0,2,3,0.8227710015195879
5,3.5,4.0,2,4,0.8430100327317557
5,3.5,4.0,2,5,0.856237015723185
5,3.5,4.0,3,3,0.8593956103053185
5,3.5,4.0,3,4,0.8806396616313308
5,3.5,4.0,3,5,0.8945221500470092
5,3.5,4.0,4,4,0.9024647372570186
5,3.5,4.0,4,5,0.9167262048374326
5,3.5,4.0,5,5,0.931234871913093
5,3.5,4.5,2,2,0.647096259685458
5,3.5,4.5,2,3,0.6756306514678999
5,3.5,4.5,2,4,0.6921869536029035
5,3.5,4.5,2,5,0.7030079232826989
5,3.5,4.5,3,3,0.70562038529153
5,3.5,4.5,3,4,0.7230174547401091
5,3.5,4.5,3,5,0.7343866034572766
5,3.5,4.5,4,4,0.7409002853934034
5,3.5,4.5,4,5,0.7525861651165427
5,3.5,4.5,5,5,0.7644785688832249
5,3.5,5.0,2,2,0.7391285774260483
5,3.5,5.0,2,3,0.7732440442378998
5,3.5,5.0,2,4,0.7930092031291228
5,3.5,5.0,2,5,0.8059167339543519
5,3.5,5.0,3,3,0.8091052236361498
5,3.5,5.0,3,4,0.8298784836952751
5,3.5,5.0,3,5,0.8434431526625806
5,3.5,5.0,4,4,0.85123394025296
5,3.5,5.0,4,5,0.86517813529464
5,3.5,5.0,5,5,0.8793697446051287
5,3.5,5.5,2,2,0.6294725317528758
5,3.5,5.5,2,3,0.6581146075534633
5,3.5,5.5,2,4,0.674716523077202
5,3.5,5.5,2,5,0.6855611595873867
5,3.5,5.5,3,3,0.6882042325959722
5,3.5,5.5,3,4,0.7056424517527002
5,3.5,5.5,3,5,0.7170323765500761
5,3.5,5.5,4,4,0.7235638723219557
5,3.5,5.5,4,5,0.7352688689583425
5,3.5,5.5,5,5,0.7471793136071336
5,3.5,6.0,2,2,0.685602126206377
5,3.5,6.0,2,3,0.7173072512558833
5,3.5,6.0,2,4,0.7356748069920541
5,3.5,6.0,2,5,0.7476692239651125
5,3.5,6.0,3,3,0.7505910604290906
5,3.5,6.0,3,4,0.7698710233755202
5,3.5,6.0,3,5,0.7824604766751877
5,3.5,6.0,4,4,0.789678349433051
5,3.5,6.0,4,5,0.8026117406932032
5,3.5,6.0,5,5,0.8157694474523426
6,3.5,3,2,2,0.7269345585978269
6,3.5,3,2,3,0.7562545245748676
6,3.5,3,2,4,0.7733131138821931
6,3.5,3,2,5,0.7844794633415721
6,3.5,3,3,3,0.7871222487504917
6,3.5,3,3,4,0.8050750273756485
6,3.5,3,3,5,0.8168243754721755
6,3.5,3,4,4,0.8235444331192371
6,3.5,3,4,5,0.8356306257889708
6,3.5,3,5,5,0.847936448222404
6,3.5,3.5,2,2,0.8244015620770012
6,3.5,3.5,2,3,0.8598243615045229
6,3.5,3.5,2,4,0.8803942271641402
6,3.5,3.5,2,5,0.893844538915299
6,3.5,3.5,3,3,0.8971020882956683
6,3.5,3.5,3,4,0.9187430422289147
6,3.5,3.5,3,5,0.9328915024800865
6,3.5,3.5,4,4,0.9410025224114562
6,3.5,3.5,4,5,0.9555541650121678
6,3.5,3.5,5,5,0.9703686269754926
6,3.5,4.0,2,2,0.7070505067501597
6,3.5,4.0,2,3,0.7369069159196736
6,3.5,4.0,2,4,0.7542537303984126
6,3.5,4.0,2,5,0.7655999617509328
6,3.5,4.0,3,3,0.7682708799199381
6,3.5,4.0,3,4,0.7864891785862742
6,3.5,4.0,3,5,0.7984038103419022
6,3.5,4.0,4,4,0.8052113026654175
6,3.5,4.0,4,5,0.8174545553994302
6,3.5,4.0,5,5,0.8299121576700469
6,3.5,4.5,2,2,0.7741650269946214
6,3.5,4.5,2,3,0.8083647782919935
6,3.5,4.5,2,4,0.8282070804856955
6,3.5,4.5,2,5,0.8411753074828386
6,3.5,4.5,3,3,0.8443175722601256
6,3.5,4.5,3,4,0.8651724650373639
6,3.5,4.5,3,5,0.8788008409446961
6,3.5,4.5,4,4,0.886612298535808
6,3.5,4.5,4,5,0.9006220398075857
6,3.5,4.5,5,5,0.9148804279909928
6,3.5,5.0,2,2,0.6868948213621886
6,3.5,5.0,2,3,0.7174998286956834
6,3.5,5.0,2,4,0.7352516149076949
6,3.5,5.0,2,5,0.7468517718327988
6,3.5,5.0,3,3,0.7496839022388612
6,3.5,5.0,3,4,0.768347553117098
6,3.5,5.0,3,5,0.7805421080296859
6,3.5,5.0,4,4,0.7875378242530426
6,3.5,5.0,4,5,0.8000756731197375
6,3.5,5.0,5,5,0.8128373154119538
6,3.5,5.5,2,2,0.6027723936491186
6,3.5,5.5,2,3,0.6293363663775688
6,3.5,5.5,2,4,0.6447496466467472
6,3.5,5.5,2,5,0.654823649087051
6,3.5,5.5,3,3,0.6572541287419168
6,3.5,5.5,3,4,0.6734495221913532
6,3.5,5.5,3,5,0.6840334664469346
6,3.5,5.5,4,4,0.6900967969030739
6,3.5,5.5,4,5,0.7009753844306952
6,3.5,5.5,5,5,0.7120460956951697
6,3.5,6.0,2,2,0.6550111748750803
6,3.5,6.0,2,3,0.684489990560301
6,3.5,6.0,2,4,0.7015830177877704
6,3.5,6.0,2,5,0.7127506812662329
6,3.5,6.0,3,3,0.7154475277596833
6,3.5,6.0,3,4,0.7333951112777842
6,3.5,6.0,3,5,0.7451200513548877
6,3.5,6.0,4,4,0.7518365827685294
6,3.5,6.0,4,5,0.7638836132481555
6,3.5,6.0,5,5,0.7761407011847818
7,3.5,3,2,2,0.846593001457405
7,3.5,3,2,3,0.8807732534168545
7,3.5,3,2,4,0.9006590068384395
7,3.5,3,2,5,0.9136757670734342
7,3.5,3,3,3,0.9167638280939172
7,3.5,3,3,4,0.937695366596305
7,3.5,3,3,5,0.9513939285110692
7,3.5,3,4,4,0.9592310620557715
7,3.5,3,4,5,0.9733235180794575
7,3.5,3,5,5,0.9876727879151748
7,3.5,3.5,2,2,0.7248285985538643
7,3.5,3.5,2,3,0.7541084964416042
7,3.5,3.5,2,4,0.7711429993645738
7,3.5,3.5,2,5,0.78229329647561
7,3.5,3.5,3,3,0.7849431039257615
7,3.5,3.5,3,4,0.8028756706492509
7,3.5,3.5,3,5,0.8146114405460121
7,3.5,3.5,4,4,0.82132702021975
7,3.5,3.5,4,5,0.8334010099116191
7,3.5,3.5,5,5,0.8456955061747203
7,3.5,4.0,2,2,0.8231232828063622
7,3.5,4.0,2,3,0.8579253005850327
7,3.5,4.0,2,4,0.878144753724779
7,3.5,4.0,2,5,0.8913696317058508
7,3.5,4.0,3,3,0.8944917207188257
7,3.5,4.0,3,4,0.9157310124845142
7,3.5,4.0,3,5,0.9296210057297678
7,3.5,4.0,4,4,0.9375598254745948
7,3.5,4.0,4,5,0.9518343089357783
7,3.5,4.0,5,5,0.9663595668166133
7,3.5,4.5,2,2,0.7037619691396764
7,3.5,4.5,2,3,0.7335036666934509
7,3.5,4.5,2,4,0.7507833886363825
7,3.5,4.5,2,5,0.7620855733222645
7,3.5,4.5,3,3,0.7647865140457074
7,3.5,4.5,3,4,0.7829565317029548
7,3.5,4.5,3,5,0.7948391619989825
7,3.5,4.5,4,4,0.8016408969833547
7,3.5,4.5,4,5,0.8138588817010284
7,3.5,4.5,5,5,0.8262955234276237
7,3.5,5.0,2,2,0.6421665079665605
7,3.5,5.0,2,3,0.6696990969859106
7,3.5,5.0,2,4,0.6856882135490171
7,3.5,5.0,2,5,0.6961436352044831
7,3.5,5.0,3,3,0.6986640735317492
7,3.5,5.0,3,4,0.7154804469093172
7,3.5,5.0,3,5,0.7264751414325663
7,3.5,5.0,4,4,0.7327746298766972
7,3.5,5.0,4,5,0.7440808142813569
7,3.5,5.0,5,5,0.755590068550634
7,3.5,5.5,2,2,0.7012777443550181
7,3.5,5.5,2,3,0.7322110088600581
7,3.5,5.5,2,4,0.7501589675388248
7,3.5,5.5,2,5,0.7618894242344159
7,3.5,5.5,3,3,0.7647261250782666
7,3.5,5.5,3,4,0.7835878574362607
7,3.5,5.5,3,5,0.7959140644097678
7,3.5,5.5,4,4,0.8029774853616746
7,3.5,5.5,4,5,0.8156478797108488
7,3.5,5.5,5,5,0.8285426902855652
7,3.5,6.0,2,2,0.6252024622251209
7,3.5,6.0,2,3,0.652516847761785
7,3.5,6.0,2,4,0.6683699025527355
7,3.5,6.0,2,5,0.6787329323710736
7,3.5,6.0,3,3,0.6812110975419929
7,3.5,6.0,3,4,0.6978615772705669
7,3.5,6.0,3,5,0.7087446215946441
7,3.5,6.0,4,4,0.714972927564141
7,3.5,6.0,4,5,0.7261565279239518
7,3.5,6.0,5,5,0.7375361409110102
8,3.5,3,2,2,0.9232699759327616
8,3.5,3,2,3,0.9605738544372387
8,3.5,3,2,4,0.9822764225070563
8,3.5,3,2,5,0.9964822502642339
8,3.5,3,3,3,0.9998584050493913
8,3.5,3,3,4,1.0227050869439742
8,3.5,3,3,5,1.0376567932436063
8,3.5,3,4,4,1.046212685091908
8,3.5,3,4,5,1.0615952742623793
8,3.5,3,5,5,1.0772587824503117
8,3.5,3.5,2,2,0.7904900423319539
8,3.5,3.5,2,3,0.822446046233804
8,3.5,3.5,2,4,0.841037048464393
8,3.5,3.5,2,5,0.8532060343074185
8,3.5,3.5,3,3,0.8561030025027444
8,3.5,3.5,3,4,0.8756764779930478
8,3.5,3.5,3,5,0.8884859411936383
8,3.5,3.5,4,4,0.8958174582115875
8,3.5,3.5,4,5,0.9089968911962409
8,3.5,3.5,5,5,0.9224175212656472
8,3.5,4.0,2,2,0.8974183559604877
8,3.5,4.0,2,3,0.9353978760571686
8,3.5,4.0,2,4,0.9574627553889159
8,3.5,4.0,2,5,0.9718944255186034
8,3.5,4.0,3,3,0.9753087275291659
8,3.5,4.0,3,4,0.9984898310438258
8,3.5,4.0,3,5,1.013649440120203
8,3.5,4.0,4,4,1.022316113539558
8,3.5,4.0,4,5,1.0378964920205842
8,3.5,4.0,5,5,1.0537512933204176
8,3.5,4.5,2,2,0.7673944759850181
8,3.5,4.5,2,3,0.7998538801467022
8,3.5,4.5,2,4,0.8187120562632584
8,3.5,4.5,2,5,0.8310464750610481
8,3.5,4.5,3,3,0.8339997859310311
8,3.5,4.5,3,4,0.8538321472319668
8,3.5,4.5,3,5,0.866801676652529
8,3.5,4.5,4,4,0.8742272762924973
8,3.5,4.5,4,5,0.8875637136393786
8,3.5,4.5,5,5,0.9011393707449986
8,3.5,5.0,2,2,0.8710097436457052
8,3.5,5.0,2,3,0.9098778016514866
8,3.5,5.0,2,4,0.932421269732543
8,3.5,5.0,2,5,0.9471522089789254
8,3.5,5.0,3,3,0.9507623160569255
8,3.5,5.0,3,4,0.974470029946611
8,3.5,5.0,3,5,0.9899598093072777
8,3.5,5.0,4,4,0.998850004898439
8,3.5,5.0,4,5,1.014777977251168
8,3.5,5.0,5,5,1.0309915807912515
8,3.5,5.5,2,2,0.7642071346823648
8,3.5,5.5,2,3,0.797939345118619
8,3.5,5.5,2,4,0.8175108635285848
8,3.5,5.5,2,5,0.8303022914242418
8,3.5,5.5,3,3,0.8334009560861813
8,3.5,5.5,3,4,0.85397140298106
8,3.5,5.5,3,5,0.8674140707729249
8,3.5,5.5,4,4,0.8751188950804072
8,3.5,5.5,4,5,0.8889377793809127
8,3.5,5.5,5,5,0.9030019528239752
8,3.5,6.0,2,2,0.6812554482761202
8,3.5,6.0,2,3,0.7110399269030852
8,3.5,6.0,2,4,0.7283262116505255
8,3.5,6.0,2,5,0.7396259902773247
8,3.5,6.0,3,3,0.7423332086382349
8,3.5,6.0,3,4,0.7604913591921614
8,3.5,6.0,3,5,0.7723596698910283
8,3.5,6.0,4,4,0.7791533612694582
8,3.5,6.0,4,5,0.791350242678384
8,3.5,6.0,5,5,0.8037613970157661
9,3.5,3,2,2,1.03771659184483
9,3.5,3,2,3,1.079668988580005
9,3.5,3,2,4,1.1040755393305353
9,3.5,3,2,5,1.1200511546274732
9,3.5,3,3,3,1.1238531682009971
9,3.5,3,3,4,1.149548815687428
9,3.5,3,3,5,1.166364802677035
9,3.5,3,4,4,1.1759890911586435
9,3.5,3,4,5,1.193290522050531
9,3.5,3,5,5,1.21090843405929
9,3.5,3.5,2,2,0.8884887605178328
9,3.5,3.5,2,3,0.9244271412090923
9,3.5,3.5,2,4,0.9453346070909789
9,3.5,3.5,2,5,0.9590197325971926
9,3.5,3.5,3,3,0.962282075134348
9,3.5,3.5,3,4,0.9842964878271651
9,3.5,3.5,3,5,0.9987032141677846
9,3.5,3.5,4,4,1.0069502708915008
9,3.5,3.5,4,5,1.0217738055553012
9,3.5,3.5,5,5,1.0368690649872507
9,3.5,4.0,2,2,0.7900912689218573
9,3.5,4.0,2,3,0.8218074440770589
9,3.5,4.0,2,4,0.8402627296072445
9,3.5,4.0,2,5,0.8523442864035494
9,3.5,4.0,3,3,0.8551547043122026
9,3.5,4.0,3,4,0.8745529466223431
9,3.5,4.0,3,5,0.8872495290094706
9,3.5,4.0,4,4,0.8944963588351068
9,3.5,4.0,4,5,0.9075485309740187
9,3.5,4.0,5,5,0.920832643642407
9,3.5,4.5,2,2,0.8624244628120714
9,3.5,4.5,2,3,0.8989284479422287
9,3.5,4.5,2,4,0.920135983295298
9,3.5,4.5,2,5,0.9340068637958753
9,3.5,4.5,3,3,0.9373330395606068
9,3.5,4.5,3,4,0.9596383670360671
9,3.5,4.5,3,5,0.974224917755879
9,3.5,4.5,4,4,0.9825778282614899
9,3.5,4.5,4,5,0.9975778011035834
9,3.5,4.5,5,5,1.0128473110925067
9,3.5,5.0,2,2,0.7862540650169622
9,3.5,5.0,2,3,0.8199973111276082
9,3.5,5.0,2,4,0.8395925693293436
9,3.5,5.0,2,5,0.8524058586261837
9,3.5,5.0,3,3,0.8555035649220213
9,3.5,5.0,3,4,0.8761168996627714
9,3.5,5.0,3,5,0.8895938076628283
9,3.5,5.0,4,4,0.8973181854669366
9,3.5,5.0,4,5,0.9111783593795096
9,3.5,5.0,5,5,0.9252883788721467
9,3.5,5.5,2,2,0.7059902594031465
9,3.5,5.5,2,3,0.7360739522644809
9,3.5,5.5,2,4,0.753547903577878
9,3.5,5.5,2,5,0.7649754895507701
9,3.5,5.5,3,3,0.767710358306338
9,3.5,5.5,3,4,0.7860812984272931
9,3.5,5.5,3,5,0.7980937008438125
9,3.5,5.5,4,4,0.8049704620916375
9,3.5,5.5,4,5,0.8173207506068468
9,3.5,5.5,5,5,0.8298913499379412
9,3.5,6.0,2,2,0.7652012830000975
9,3.5,6.0,2,3,0.7986744546469519
9,3.5,6.0,2,4,0.8181012352177242
9,3.5,6.0,2,5,0.8308000973667872
9,3.5,6.0,3,3,0.8338469276851607
9,3.5,6.0,3,4,0.8542555901778719
9,3.5,6.0,3,5,0.867594701194788
9,3.5,6.0,4,4,0.8752316458111298
9,3.5,6.0,4,5,0.8889407508145075
9,3.5,6.0,5,5,0.9028911336907015
10,3.5,3,2,2,0.876079263057182
10,3.5,3,2,3,0.9088299461262587
10,3.5,3,2,4,0.9279256863152224
10,3.5,3,2,5,0.9404407949543341
10,3.5,3,3,3,0.9433484889275155
10,3.5,3,3,4,0.963466184342991
10,3.5,3,3,5,0.9766477899004481
10,3.5,3,4,4,0.9841746358922814
10,3.5,3,4,5,0.9977415187458988
10,3.5,3,5,5,1.0115596711059696
10,3.5,3.5,2,2,0.9865160359075363
10,3.5,3.5,2,3,1.0264379393414753
10,3.5,3.5,2,4,1.049662535666522
10,3.5,3.5,2,5,1.0648642373357788
10,3.5,3.5,3,3,1.0684920562816038
10,3.5,3.5,3,4,1.0929481072954947
10,3.5,3.5,3,5,1.1089525556592343
10,3.5,3.5,4,4,1.1181154141605714
10,3.5,3.5,4,5,1.1345835223217418
10,3.5,3.5,5,5,1.1513538913695927
10,3.5,4.0,2,2,0.8771343364532368
10,3.5,4.0,2,3,0.9123629356794112
10,3.5,4.0,2,4,0.9328617466162057
10,3.5,4.0,2,5,0.9462809594991074
10,3.5,4.0,3,3,0.9494066809359847
10,3.5,4.0,3,4,0.970954803177095
10,3.5,4.0,3,5,0.9850583894964393
10,3.5,4.0,4,4,0.9931095525592043
10,3.5,4.0,4,5,1.0076088028456642
10,3.5,4.0,5,5,1.0223661252992666
10,3.5,4.5,2,2,0.7726732786706392
10,3.5,4.5,2,3,0.8038379178968345
10,3.5,4.5,2,4,0.8219697411874336
10,3.5,4.5,2,5,0.8338386129530367
10,3.5,4.5,3,3,0.8366413055656956
10,3.5,4.5,3,4,0.8557199669608719
10,3.5,4.5,3,5,0.8682061937539919
10,3.5,4.5,4,4,0.8753457214287491
10,3.5,4.5,4,5,0.8881886745077315
10,3.5,4.5,5,5,0.9012642322704516
10,3.5,5.0,2,2,0.8726480843351752
10,3.5,5.0,2,3,0.9101119119682246
10,3.5,5.0,2,4,0.9318675395188695
10,3.5,5.0,2,5,0.9460934032646338
10,3.5,5.0,3,3,0.9495360642608067
10,3.5,5.0,3,4,0.9724236633862644
10,3.5,5.0,3,5,0.9873873688862445
10,3.5,5.0,4,4,0.9959649610393007
10,3.5,5.0,4,5,1.0113547807572612
10,3.5,5.0,5,5,1.0270223715416735
10,3.5,5.5,2,2,0.7835271967995182
10,3.5,5.5,2,3,0.8169270100357516
10,3.5,5.5,2,4,0.8363268932826636
10,3.5,5.5,2,5,0.8490139168581898
10,3.5,5.5,3,3,0.8520534805037935
10,3.5,5.5,3,4,0.8724507922661983
10,3.5,5.5,3,5,0.8857880997986364
10,3.5,5.5,4,4,0.8934243285123811
10,3.5,5.5,4,5,0.907137329466485
10,3.5,5.5,5,5,0.9210952862548417
10,3.5,6.0,2,2,0.7115938931302106
10,3.5,6.0,2,3,0.741735407413311
10,3.5,6.0,2,4,0.7592461728022152
10,3.5,6.0,2,5,0.7706990192265408
10,3.5,6.0,3,3,0.7734162904673543
10,3.5,6.0,3,4,0.7918166316274368
10,3.5,6.0,3,5,0.8038495689011073
10,3.5,6.0,4,4,0.8107310843111352
10,3.5,6.0,4,5,0.8230992886189638
10,3.5,6.0,5,5,0.835686136408418
11,3.5,3,2,2,0.9631787397206807
11,3.5,3,2,3,0.9991968431711586
11,3.5,3,2,4,1.0201975153564022
11,3.5,3,2,5,1.0339610245226034
11,3.5,3,3,3,1.037161634040293
11,3.5,3,3,4,1.059287602993868
11,3.5,3,3,5,1.073784993514099
11,3.5,3,4,4,1.0820640458615471
11,3.5,3,4,5,1.0969856527218163
11,3.5,3,5,5,1.1121839193472043
11,3.5,3.5,2,2,0.8551440685771383
11,3.5,3.5,2,3,0.8875062628685967
11,3.5,3.5,2,4,0.9063691129745556
11,3.5,3.5,2,5,0.9187292168037263
11,3.5,3.5,3,3,0.921618582846555
11,3.5,3.5,3,4,0.9414929066714303
11,3.5,3.5,3,5,0.9545125906039937
11,3.5,3.5,4,4,0.9619517995104007
11,3.5,3.5,4,5,0.9753526805308121
11,3.5,3.5,5,5,0.9890021412227851
11,3.5,4.0,2,2,0.9641958669058945
11,3.5,4.0,2,3,1.0029376262028962
11,3.5,4.0,2,4,1.0254803908759729
11,3.5,4.0,2,5,1.0402375402698665
11,3.5,4.0,3,3,1.0436786292791627
11,3.5,4.0,3,4,1.0673770810612564
11,3.5,4.0,3,5,1.0828879656195989
11,3.5,4.0,4,4,1.0917436295297303
11,3.5,4.0,4,5,1.107690260299591
11,3.5,4.0,5,5,1.1239211001123914
11,3.5,4.5,2,2,0.8494231539795633
11,3.5,4.5,2,3,0.8836970673722874
11,3.5,4.5,2,4,0.9036376541064626
11,3.5,4.5,2,5,0.9166904334961304
11,3.5,4.5,3,3,0.9197756959232467
11,3.5,4.5,3,4,0.9407589740993348
11,3.5,4.5,3,5,0.954491592224571
11,3.5,4.5,4,4,0.9623447075705102
11,3.5,4.5,4,5,0.9764701419718477
11,3.5,4.5,5,5,0.9908517081912421
11,3.5,5.0,2,2,0.7909450080345092
11,3.5,5.0,2,3,0.8235174096663948
11,3.5,5.0,2,4,0.8424565741908304
11,3.5,5.0,2,5,0.8548496073672893
11,3.5,5.0,3,3,0.857806583133352
11,3.5,5.0,3,4,0.8777373568185055
11,3.5,5.0,3,5,0.8907768290676126
11,3.5,5.0,4,4,0.8982409197919405
11,3.5,5.0,4,5,0.9116538131360353
11,3.5,5.0,5,5,0.9253101585169055
11,3.5,5.5,2,2,0.7232219834254078
11,3.5,5.5,2,3,0.7529190832058386
11,3.5,5.5,2,4,0.7701879090646633
11,3.5,5.5,2,5,0.7814884919656881
11,3.5,5.5,3,3,0.7841617202419321
11,3.5,5.5,3,4,0.8023235539914729
11,3.5,5.5,3,5,0.8142064085502573
11,3.5,5.5,4,4,0.8210013985975357
11,3.5,5.5,4,5,0.8332207234058424
11,3.5,5.5,5,5,0.8456594526225567
11,3.5,6.0,2,2,0.7819972082756864
11,3.5,6.0,2,3,0.8151312104312821
11,3.5,6.0,2,4,0.8343802807613939
11,3.5,6.0,2,5,0.8469699903342297
11,3.5,6.0,3,3,0.8499598201581392
11,3.5,6.0,3,4,0.8701881364717293
11,3.5,6.0,3,5,0.8834163961498166
11,3.5,6.0,4,4,0.8909823643116643
11,3.5,6.0,4,5,0.9045796629037985
11,3.5,6.0,5,5,0.91841762374002
1,4.0,3,2,2,0.17168513073694597
1,4.0,3,2,3,0.17822784676463002
1,4.0,3,2,4,0.1820406386224597
1,4.0,3,2,5,0.18453874012941193
1,4.0,3,3,3,0.18508312120581205
1,4.0,3,3,4,0.1890770202616982
1,4.0,3,3,5,0.1916933962039751
1,4.0,3,4,4,0.19317586515821392
1,4.0,3,4,5,0.19586077982080105
1,4.0,3,5,5,0.19859045719237806
1,4.0,3.5,2,2,0.19456086481064855
1,4.0,3.5,2,3,0.2024664009936677
1,4.0,3.5,2,4,0.2070648970265249
1,4.0,3.5,2,5,0.21007464613034538
1,4.0,3.5,3,3,0.21074628491291575
1,4.0,3.5,3,4,0.215561611722858
1,4.0,3.5,3,5,0.2187129389813577
1,4.0,3.5,4,4,0.2205025409588894
1,4.0,3.5,4,5,0.22373588294349891
1,4.0,3.5,5,5,0.22702277949346045
1,4.0,4.0,2,2,0.2247291389367794
1,4.0,4.0,2,3,0.23412257236606188
1,4.0,4.0,2,4,0.2395819164580733
1,4.0,4.0,2,5,0.24315339170025466
1,4.0,4.0,3,3,0.24392916354724578
1,4.0,4.0,3,4,0.2496282668116598
1,4.0,4.0,3,5,0.25335645791338346
1,4.0,4.0,4,4,0.2554665099968981
1,4.0,4.0,4,5,0.2592856503724477
1,4.0,4.0,5,5,0.26316424080314293
1,4.0,4.5,2,2,0.245487569157475
1,4.0,4.5,2,3,0.2561649933569063
1,4.0,4.5,2,4,0.26236295117253594
1,4.0,4.5,2,5,0.26641482885200224
1,4.0,4.5,3,3,0.2673270506441927
1,4.0,4.5,3,4,0.2738059548601347
1,4.0,4.5,3,5,0.2780413641721348
1,4.0,4.5,4,4,0.2804477323463584
1,4.0,4.5,4,5,0.2847895427956893
1,4.0,4.5,5,5,0.2892008633271376
1,4.0,5.0,2,2,0.28712179644656416
1,4.0,5.0,2,3,0.3002670286200408
1,4.0,5.0,2,4,0.3078848907713272
1,4.0,5.0,2,5,0.31286043367277133
1,4.0,5.0,3,3,0.3140275661811396
1,4.0,5.0,3,4,0.3220017494189356
1,4.0,5.0,3,5,0.32720992675496824
1,4.0,5.0,4,4,0.33018228151583906
1,4.0,5.0,4,5,0.33552518130900094
1,4.0,5.0,5,5,0.34095604023989473
1,4.0,5.5,2,2,0.31718918704305177
1,4.0,5.5,2,3,0.33184602395976265
1,4.0,5.5,2,4,0.34033728206358205
1,4.0,5.5,2,5,0.34588233094330606
1,4.0,5.5,3,3,0.3471745977352066
1,4.0,5.5,3,4,0.35605512484645135
1,4.0,5.5,3,5,0.3618544168685822
1,4.0,5.5,4,4,0.36516122980078203
1,4.0,5.5,4,5,0.37110785264720275
1,4.0,5.5,5,5,0.37715070085554486
1,4.0,6.0,2,2,0.34804999315548196
1,4.0,6.0,2,3,0.3642207717780551
1,4.0,6.0,2,4,0.3735874118731047
1,4.0,6.0,2,5,0.37970349412887056
1,4.0,6.0,3,3,0.38111792389734767
1,4.0,6.0,3,4,0.39090578495151224
1,4.0,6.0,3,5,0.3972970843550791
1,4.0,6.0,4,4,0.40093790011380287
1,4.0,6.0,4,5,0.4074887864801571
1,4.0,6.0,5,5,0.41414393997790244
2,4.0,3,2,2,0.31114163678215007
2,4.0,3,2,3,0.32321343892633053
2,4.0,3,2,4,0.3302448314816007
2,4.0,3,2,5,0.33485042855517994
2,4.0,3,3,3,0.33590459002846934
2,4.0,3,3,4,0.34329422673880755
2,4.0,3,3,5,0.34813354719377104
2,4.0,3,4,4,0.35089108814925296
2,4.0,3,4,5,0.3558656087729828
2,4.0,3,5,5,0.36092834009418495
2,4.0,3.5,2,2,0.35216317166092964
2,4.0,3.5,2,3,0.3667717922424879
2,4.0,3.5,2,4,0.3752641827774241
2,4.0,3.5,2,5,0.3808206115283479
2,4.0,3.5,3,3,0.38212236062892674
2,4.0,3.5,3,4,0.39104368752790536
2,4.0,3.5,3,5,0.3968798868830965
2,4.0,3.5,4,4,0.4002130105408753
2,4.0,3.5,4,5,0.4062109708528869
2,4.0,3.5,5,5,0.41231444618666846
2,4.0,4.0,2,2,0.4038108202704301
2,4.0,4.0,2,3,0.4211201273328295
2,4.0,4.0,2,4,0.4311724744449247
2,4.0,4.0,2,5,0.437745874219452
2,4.0,4.0,3,3,0.4392591603441389
2,4.0,4.0,3,4,0.4497918200835952
2,4.0,4.0,3,5,0.45667873552269433
2,4.0,4.0,4,4,0.46060254384089017
2,4.0,4.0,4,5,0.4676709682410929
2,4.0,4.0,5,5,0.47485787717811784
2,4.0,4.5,2,2,0.44214042082018395
2,4.0,4.5,2,3,0.46187259812096076
2,4.0,4.5,2,4,0.4733174256131767
2,4.0,4.5,2,5,0.4807960572734507
2,4.0,4.5,3,3,0.4825714806321498
2,4.0,4.5,3,4,0.49457543175704016
2,4.0,4.5,3,5,0.5024188481726716
2,4.0,4.5,4,4,0.506902791577593
2,4.0,4.5,4,5,0.5149572153653938
2,4.0,4.5,5,5,0.5231493135834849
2,4.0,5.0,2,2,0.510668313931981
2,4.0,5.0,2,3,0.5344899757696143
2,4.0,5.0,2,4,0.5482865544431758
2,4.0,5.0,2,5,0.557294606713249
2,4.0,5.0,3,3,0.5594926330671637
2,4.0,5.0,3,4,0.5739718719842163
2,4.0,5.0,3,5,0.5834251643219805
2,4.0,5.0,4,4,0.5888457364129169
2,4.0,5.0,4,5,0.5985564167902807
2,4.0,5.0,5,5,0.6084349772556702
2,4.0,5.5,2,2,0.562644853431592
2,4.0,5.5,2,3,0.5891958720308178
2,4.0,5.5,2,4,0.6045672558561561
2,4.0,5.5,2,5,0.6146013776404365
2,4.0,5.5,3,3,0.6170406943670818
2,4.0,5.5,3,4,0.633160347348636
2,4.0,5.5,3,5,0.643682646367529
2,4.0,5.5,4,4,0.6497127746190868
2,4.0,5.5,4,5,0.6605174244320378
2,4.0,5.5,5,5,0.6715062875369424
2,4.0,6.0,2,2,0.6158561872001931
2,4.0,6.0,2,3,0.6451361101122105
2,4.0,6.0,2,4,0.6620831108539921
2,4.0,6.0,2,5,0.6731442233235772
2,4.0,6.0,3,3,0.6758198918419615
2,4.0,6.0,3,4,0.6935792519981772
2,4.0,6.0,3,5,0.7051705141094202
2,4.0,6.0,4,4,0.7118086975043927
2,4.0,6.0,4,5,0.7237067410051077
2,4.0,6.0,5,5,0.7358049929660511
3,4.0,3,2,2,0.45694178072813907
3,4.0,3,2,3,0.4747855291858085
3,4.0,3,2,4,0.4851769211076605
3,4.0,3,2,5,0.4919826118420222
3,4.0,3,3,3,0.4935668936544014
3,4.0,3,3,4,0.5045002738999919
3,4.0,3,3,5,0.5116594373049554
3,4.0,3,4,4,0.5157469605241148
3,4.0,3,4,5,0.5231104603213459
3,4.0,3,5,5,0.530607229235706
3,4.0,3.5,2,2,0.5169513259635297
3,4.0,3.5,2,3,0.5385572117236804
3,4.0,3.5,2,4,0.5511143884249774
3,4.0,3.5,2,5,0.5593292683195575
3,4.0,3.5,3,3,0.5612863734382024
3,4.0,3.5,3,4,0.5744924864255891
3,4.0,3.5,3,5,0.5831304646442942
3,4.0,3.5,4,4,0.5880735283165354
3,4.0,3.5,4,5,0.5969559662906809
3,4.0,3.5,5,5,0.6059978002933613
3,4.0,4.0,2,2,0.5911480047407867
3,4.0,4.0,2,3,0.6167273499545816
3,4.0,4.0,2,4,0.6315780215950182
3,4.0,4.0,2,5,0.641287487837151
3,4.0,4.0,3,3,0.6435689608289348
3,4.0,4.0,3,4,0.659149659167347
3,4.0,4.0,3,5,0.6693353921466669
3,4.0,4.0,4,4,0.6751525988716082
3,4.0,4.0,4,5,0.6856138130783626
3,4.0,4.0,5,5,0.6962547631030077
3,4.0,4.5,2,2,0.6478317765645225
3,4.0,4.5,2,3,0.6770201294554576
3,4.0,4.5,2,4,0.6939442603646246
3,4.0,4.5,2,5,0.7050013990132016
3,4.0,4.5,3,3,0.7076754029291901
3,4.0,4.5,3,4,0.7254472487650693
3,4.0,4.5,3,5,0.7370571938537421
3,4.0,4.5,4,4,0.7437090161793307
3,4.0,4.5,4,5,0.7556384599205515
3,4.0,4.5,5,5,0.7677762675583011
3,4.0,5.0,2,2,0.7445925550815414
3,4.0,5.0,2,3,0.7795842705185493
3,4.0,5.0,2,4,0.7998449683571094
3,4.0,5.0,2,5,0.8130717083098372
3,4.0,5.0,3,3,0.8163476300542925
3,4.0,5.0,3,4,0.8376316663849833
3,4.0,5.0,3,5,0.85152557477969
3,4.0,5.0,4,4,0.8595068431076797
3,4.0,5.0,4,5,0.8737861614374478
3,4.0,5.0,5,5,0.888316763424388
3,4.0,5.5,2,2,0.8194967210708286
3,4.0,5.5,2,3,0.8584946346180081
3,4.0,5.5,2,4,0.8810654096786336
3,4.0,5.5,2,5,0.8957967666564564
3,4.0,5.5,3,3,0.8994361046163041
3,4.0,5.5,3,4,0.9231300454034707
3,4.0,5.5,3,5,0.9385938459816887
3,4.0,5.5,4,4,0.9474730844356418
3,4.0,5.5,4,5,0.9633601885691132
3,4.0,5.5,5,5,0.979523350247634
3,4.0,6.0,2,2,0.8960894439259651
3,4.0,6.0,2,3,0.9390908368000083
3,4.0,6.0,2,4,0.9639716090269297
3,4.0,6.0,2,5,0.9802080757141963
3,4.0,6.0,3,3,0.9842040104149897
3,4.0,6.0,3,4,1.0103057464166258
3,4.0,6.0,3,5,1.027338644479426
3,4.0,6.0,4,4,1.0371134219182159
3,4.0,6.0,4,5,1.0546068087417297
3,4.0,6.0,5,5,1.0724005775636385
4,4.0,3,2,2,0.6041415188934101
4,4.0,3,2,3,0.6278108804231033
4,4.0,3,2,4,0.6415935324542916
4,4.0,3,2,5,0.6506197937126896
4,4.0,3,3,3,0.6527387282546311
4,4.0,3,3,4,0.6672486174386633
4,4.0,3,3,5,0.6767490820120836
4,4.0,3,4,4,0.6821787643656101
4,4.0,3,4,5,0.691953268780394
4,4.0,3,5,5,0.701906470692634
4,4.0,3.5,2,2,0.683324830278538
4,4.0,3.5,2,3,0.7119929084696567
4,4.0,3.5,2,4,0.7286526147537632
4,4.0,3.5,2,5,0.7395506409577655
4,4.0,3.5,3,3,0.7421687066731233
4,4.0,3.5,3,4,0.7596991489922271
4,4.0,3.5,3,5,0.7711647747487868
4,4.0,3.5,4,4,0.7777324927094256
4,4.0,3.5,4,5,0.7895259549560477
4,4.0,3.5,5,5,0.801533136299162
4,4.0,4.0,2,2,0.7803094317970144
4,4.0,4.0,2,3,0.8142363015404083
4,4.0,4.0,2,4,0.8339302779939226
4,4.0,4.0,2,5,0.8468052179136231
4,4.0,4.0,3,3,0.8498614863753713
4,4.0,4.0,3,4,0.8705372303753156
4,4.0,4.0,3,5,0.8840525095476008
4,4.0,4.0,4,4,0.8917805636184198
4,4.0,4.0,4,5,0.9056660595093352
4,4.0,4.0,5,5,0.9197930401680702
4,4.0,4.5,2,2,0.8555187169271065
4,4.0,4.5,2,3,0.894251277212111
4,4.0,4.5,2,4,0.9167057521053222
4,4.0,4.5,2,5,0.9313747447697823
4,4.0,4.5,3,3,0.9349550367839156
4,4.0,4.5,3,4,0.958548164321378
4,4.0,4.5,3,5,0.9739595149213276
4,4.0,4.5,4,4,0.9827990814688269
4,4.0,4.5,4,5,0.9986393055939105
4,4.0,4.5,5,5,1.014759159232824
4,4.0,5.0,2,2,0.9808266697084701
4,4.0,5.0,2,3,1.027096387244285
4,4.0,5.0,2,4,1.0538836860845242
4,4.0,5.0,2,5,1.071369896800883
4,4.0,5.0,3,3,1.0757336776231756
4,4.0,5.0,3,4,1.1038880385112722
4,4.0,5.0,3,5,1.1222653300665455
4,4.0,5.0,4,4,1.1328318112045217
4,4.0,5.0,4,5,1.1517236790328549
4,4.0,5.0,5,5,1.170950979754423
4,4.0,5.5,2,2,0.8030229758177339
4,4.0,5.5,2,3,0.8402293602249612
4,4.0,5.5,2,4,0.8617825759868585
4,4.0,5.5,2,5,0.8758568065419772
4,4.0,5.5,3,3,0.8793163233223352
4,4.0,5.5,3,4,0.9019559185438715
4,4.0,5.5,3,5,0.916738458325753
4,4.0,5.5,4,4,0.9252231420790349
4,4.0,5.5,4,5,0.9404149061891537
4,4.0,5.5,5,5,0.9558734976313239
4,4.0,6.0,2,2,0.8758659668769245
4,4.0,6.0,2,3,0.9169883947459555
4,4.0,6.0,2,4,0.9407995826809393
4,4.0,6.0,2,5,0.9563444422472196
4,4.0,6.0,3,3,0.9601576198173323
4,4.0,6.0,3,4,0.9851517194385704
4,4.0,6.0,3,5,1.0014680137787917
4,4.0,6.0,4,4,1.0108295000130179
4,4.0,6.0,4,5,1.0275916699088123
4,4.0,6.0,5,5,1.0446446310389925
5,4.0,3,2,2,0.7518810151211932
5,4.0,3,2,3,0.7813968181897331
5,4.0,3,2,4,0.7985828620992343
5,4.0,3,2,5,0.809837640286162
5,4.0,3,3,3,0.8124930184962336
5,4.0,3,3,4,0.8305921500069465
5,4.0,3,3,5,0.8424422545666781
5,4.0,3,4,4,0.8492188384426688
5,4.0,3,4,5,0.8614129131666184
5,4.0,3,5,5,0.8738312617558945
5,4.0,3.5,2,2,0.8503094720701118
5,4.0,3.5,2,3,0.8860649473082638
5,4.0,3.5,2,4,0.9068418344652269
5,4.0,3.5,2,5,0.9204325928766129
5,4.0,3.5,3,3,0.9237138326226841
5,4.0,3.5,3,4,0.9455839754799358
5,4.0,3.5,3,5,0.9598873041112934
5,4.0,3.5,4,4,0.9680854082182399
5,4.0,3.5,4,5,0.9828002213445794
5,4.0,3.5,5,5,0.9977832535396065
5,4.0,4.0,2,2,0.9701726417187717
5,4.0,4.0,2,3,1.012477021911267
5,4.0,4.0,2,4,1.0370317115031518
5,4.0,4.0,2,5,1.0530835067893987
5,4.0,4.0,3,3,1.056917166715705
5,4.0,4.0,3,4,1.0827061739076942
5,4.0,4.0,3,5,1.0995629087618424
5,4.0,4.0,4,4,1.1092085859645155
5,4.0,4.0,4,5,1.126530578132607
5,4.0,4.0,5,5,1.1441560030421853
5,4.0,4.5,2,2,0.7973622950643964
5,4.0,4.5,2,3,0.831941369534653
5,4.0,4.5,2,4,0.8520155138428412
5,4.0,4.5,2,5,0.8651395661604798
5,4.0,4.5,3,3,0.8683085003179836
5,4.0,4.5,3,4,0.8894153803312472
5,4.0,4.5,3,5,0.9032126808115792
5,4.0,4.5,4,4,0.9111187915157729
5,4.0,4.5,4,5,0.925304994257669
5,4.0,4.5,5,5,0.9397447451169101
5,4.0,5.0,2,2,0.9089671581446244
5,4.0,5.0,2,3,0.950388503282279
5,4.0,5.0,2,4,0.9743965321689805
5,4.0,5.0,2,5,0.9900785300517652
5,4.0,5.0,3,3,0.9939528242351588
5,4.0,5.0,3,4,1.0191980585160114
5,4.0,5.0,3,5,1.0356864237438157
5,4.0,5.0,4,4,1.045157629939405
5,4.0,5.0,4,5,1.062111598031114
5,4.0,5.0,5,5,1.079369053263703
5,4.0,5.5,2,2,0.7743936122960572
5,4.0,5.5,2,3,0.8091572909532483
5,4.0,5.5,2,4,0.8293163562147414
5,4.0,5.5,2,5,0.8424878076978967
5,4.0,5.5,3,3,0.8456983573750179
5,4.0,5.5,3,4,0.8668840265909431
5,4.0,5.5,3,5,0.8807247487499958
5,4.0,5.5,4,4,0.888662702977889
5,4.0,5.5,4,5,0.90289004109882
5,4.0,5.5,5,5,0.917369443730857
5,4.0,6.0,2,2,0.8425372315479192
5,4.0,6.0,2,3,0.8810584802399005
5,4.0,6.0,2,4,0.9033831896871617
5,4.0,6.0,2,5,0.9179647701719916
5,4.0,6.0,3,3,0.9215172008547047
5,4.0,6.0,3,4,0.9449613953046452
5,4.0,6.0,3,5,0.9602729544661082
5,4.0,6.0,4,4,0.9690524838276614
5,4.0,6.0,4,5,0.9847858786781367
5,4.0,6.0,5,5,1.0007943565913664
6,4.0,3,2,2,0.8998858598280984
6,4.0,3,2,3,0.9352583891997203
6,4.0,3,2,4,0.9558538150019574
6,4.0,3,2,5,0.9693410334450995
6,4.0,3,3,3,0.9725337503460334
6,4.0,3,3,4,0.9942284168741577
6,4.0,3,3,5,1.0084322821580098
6,4.0,3,4,4,1.0165581144819533
6,4.0,3,4,5,1.0311759943756453
6,4.0,3,5,5,1.0460637989385257
6,4.0,3.5,2,2,1.0175944626921454
6,4.0,3.5,2,3,1.06044978373921
6,4.0,3.5,2,4,1.0853510875837429
6,4.0,3.5,2,5,1.1016393121503656
6,4.0,3.5,3,3,1.1055848319607644
6,4.0,3.5,3,4,1.1318022734252846
6,4.0,3.5,3,5,1.1489482750785853
6,4.0,3.5,4,4,1.1587796025556822
6,4.0,3.5,4,5,1.1764208731864998
6,4.0,3.5,5,5,1.1943849518528886
6,4.0,4.0,2,2,0.8727321440502328
6,4.0,4.0,2,3,0.9088533150420798
6,4.0,4.0,2,4,0.9298527821523914
6,4.0,4.0,2,5,0.9435928443187237
6,4.0,4.0,3,3,0.9468278018390399
6,4.0,4.0,3,4,0.9688984031858714
6,4.0,4.0,3,5,0.9833369920032782
6,4.0,4.0,4,4,0.9915881165634988
6,4.0,4.0,4,5,1.0064304690724544
6,4.0,4.0,5,5,1.0215361494248165
6,4.0,4.5,2,2,0.9539673253149695
6,4.0,4.5,2,3,0.9954107040536135
6,4.0,4.5,2,4,1.0194684224196424
6,4.0,4.5,2,5,1.0351963575460388
6,4.0,4.5,3,3,1.0390078521759907
6,4.0,4.5,3,4,1.0643093387672495
6,4.0,4.5,3,5,1.0808480252697865
6,4.0,4.5,4,4,1.0903291416603158
6,4.0,4.5,4,5,1.1073360863546606
6,4.0,4.5,5,5,1.1246482895118042
6,4.0,5.0,2,2,0.8462305799238596
6,4.0,5.0,2,3,0.8833262468156392
6,4.0,5.0,2,4,0.9048539838390564
6,4.0,5.0,2,5,0.9189256736807155
6,4.0,5.0,3,3,0.9223616971703344
6,4.0,5.0,3,4,0.9450093426220704
6,4.0,5.0,3,5,0.959810943610807
6,4.0,5.0,4,4,0.968303607181421
6,4.0,5.0,4,5,0.9835266695989864
6,4.0,5.0,5,5,0.9990244455199893
6,4.0,5.5,2,2,0.7427540361697622
6,4.0,5.5,2,3,0.7749449170695477
6,4.0,5.5,2,4,0.7936329711313055
6,4.0,5.5,2,5,0.8058509468766097
6,4.0,5.5,3,3,0.808799104966481
6,4.0,5.5,3,4,0.8284478591488792
6,4.0,5.5,3,5,0.8412921286796393
6,4.0,5.5,4,4,0.8486515447070425
6,4.0,5.5,4,5,0.8618575995331766
6,4.0,5.5,5,5,0.875299525688946
6,4.0,6.0,2,2,0.8060781424419301
6,4.0,6.0,2,3,0.8418459565540669
6,4.0,6.0,2,4,0.8625950679125375
6,4.0,6.0,2,5,0.8761548722806736
6,4.0,6.0,3,3,0.8794297911715384
6,4.0,6.0,3,4,0.9012281150538362
6,4.0,6.0,3,5,0.9154720344626904
6,4.0,6.0,4,4,0.9236326754983059
6,4.0,6.0,4,5,0.9382718965734985
6,4.0,6.0,5,5,0.9531688845889393
7,4.0,3,2,2,1.0480408809497457
7,4.0,3,2,3,1.089275975637127
7,4.0,3,2,4,1.1132841838541416
7,4.0,3,2,5,1.1290060697385516
7,4.0,3,3,3,1.1327366377134447
7,4.0,3,3,4,1.1580304138022115
7,4.0,3,3,5,1.1745903804853441
7,4.0,3,4,4,1.1840667957117887
7,4.0,3,4,5,1.2011108870508136
7,4.0,3,5,5,1.2184705966469187
7,4.0,3.5,2,2,0.8973289696792203
7,4.0,3.5,2,3,0.9326512769647809
7,4.0,3.5,2,4,0.9532166132502876
7,4.0,3.5,2,5,0.9666838133768603
7,4.0,3.5,3,3,0.969884865683069
7,4.0,3.5,3,4,0.9915541582218028
7,4.0,3.5,3,5,1.0057410184605122
7,4.0,3.5,4,4,1.0138611084326568
7,4.0,3.5,4,5,1.028463659882289
7,4.0,3.5,5,5,1.0433372055451637
7,4.0,4.0,2,2,1.0160328506837355
7,4.0,4.0,2,3,1.058136223216615
7,4.0,4.0,2,4,1.082612604768741
7,4.0,4.0,2,5,1.0986272963367447
7,4.0,4.0,3,3,1.1024086133310211
7,4.0,4.0,3,4,1.1281384439154702
7,4.0,4.0,3,5,1.144970502754304
7,4.0,4.0,4,4,1.1545926786243281
7,4.0,4.0,4,5,1.1718971379412189
7,4.0,4.0,5,5,1.1895096685421351
7,4.0,4.5,2,2,0.8691154181510266
7,4.0,4.5,2,3,0.9050802104394595
7,4.0,4.5,2,4,0.9259888669212714
7,4.0,4.5,2,5,0.939669549176241
7,4.0,4.5,3,3,0.9429394495699398
7,4.0,4.5,3,4,0.9649423004439439
7,4.0,4.5,3,5,0.9793362847719668
7,4.0,4.5,4,4,0.9875771760665926
7,4.0,4.5,4,5,1.0023831920115922
7,4.0,4.5,5,5,1.017457827669911
7,4.0,5.0,2,2,0.7926170666020307
7,4.0,5.0,2,3,0.8259280768011213
7,4.0,5.0,2,4,0.8452848196175305
7,4.0,5.0,2,5,0.8579467291493897
7,4.0,5.0,3,3,0.8609995775605621
7,4.0,5.0,3,4,0.881372875544278
7,4.0,5.0,3,5,0.894697380412277
7,4.0,5.0,4,4,0.902333200978117
7,4.0,5.0,4,5,0.916040349623694
7,4.0,5.0,5,5,0.9299969247000396
7,4.0,5.5,2,2,0.8641653081704153
7,4.0,5.5,2,3,0.9016497553032168
7,4.0,5.5,2,4,0.9234103481634778
7,4.0,5.5,2,5,0.9376368920164375
7,4.0,5.5,3,3,0.9410776931848177
7,4.0,5.5,3,4,0.9639607013361721
7,4.0,5.5,3,5,0.9789189215777028
7,4.0,5.5,4,4,0.9874919865574457
7,4.0,5.5,4,5,1.0028728243512903
7,4.0,5.5,5,5,1.0185291782890176
7,4.0,6.0,2,2,0.7705447629884905
7,4.0,6.0,2,3,0.8036386581076963
7,4.0,6.0,2,4,0.8228563870196858
7,4.0,6.0,2,5,0.8354226492122723
7,4.0,6.0,3,3,0.8384281157010508
7,4.0,6.0,3,4,0.8586254765390849
7,4.0,6.0,3,5,0.8718304829481723
7,4.0,6.0,4,4,0.8793888777755633
7,4.0,6.0,4,5,0.8929629743674348
7,4.0,6.0,5,5,0.9067777454019281
8,4.0,3,2,2,1.1429858592969864
8,4.0,3,2,3,1.1879884516592831
8,4.0,3,2,4,1.2141896617739116
8,4.0,3,2,5,1.2313474456706521
8,4.0,3,3,3,1.235425982463885
8,4.0,3,3,4,1.263033608498891
8,4.0,3,3,5,1.2811082219576606
8,4.0,3,4,4,1.2914535937816383
8,4.0,3,4,5,1.3100577861528275
8,4.0,3,5,5,1.3290072169912854
8,4.0,3.5,2,2,0.9786360292185206
8,4.0,3.5,2,3,1.0171859900607636
8,4.0,3.5,2,4,1.0396300710894142
8,4.0,3.5,2,5,1.0543273968170772
8,4.0,3.5,3,3,1.0578269716097468
8,4.0,3.5,3,4,1.081478748357165
8,4.0,3.5,3,5,1.0969633324812371
8,4.0,3.5,4,4,1.1058280580351874
8,4.0,3.5,4,5,1.1217673494570743
8,4.0,3.5,5,5,1.1380030591257726
8,4.0,4.0,2,2,1.1077635847845069
8,4.0,4.0,2,3,1.1537101535381984
8,4.0,4.0,2,4,1.1804199949657967
8,4.0,4.0,2,5,1.197895746949821
8,4.0,4.0,3,3,1.202030905039574
8,4.0,4.0,3,4,1.230112638150701
8,4.0,4.0,3,5,1.2484829494085958
8,4.0,4.0,4,4,1.2589871572044213
8,4.0,4.0,4,5,1.2778744368878268
8,4.0,4.0,5,5,1.2970988358212634
8,4.0,4.5,2,2,0.9477170111160159
8,4.0,4.5,2,3,0.9869674392587154
8,4.0,4.5,2,4,1.0097856634138662
8,4.0,4.5,2,5,1.0247155743573477
8,4.0,4.5,3,3,1.0282909512868725
8,4.0,4.5,3,4,1.0523064545894454
8,4.0,4.5,3,5,1.0680168344877166
8,4.0,4.5,4,4,1.0770134723184421
8,4.0,4.5,4,5,1.093174646921001
8,4.0,4.5,5,5,1.1096296996101593
8,4.0,5.0,2,2,1.0731144237467904
8,4.0,5.0,2,3,1.1202230066317151
8,4.0,5.0,2,4,1.1475602940699705
8,4.0,5.0,2,5,1.165428963728012
8,4.0,5.0,3,3,1.169808643849795
8,4.0,5.0,3,4,1.1985757877263163
8,4.0,5.0,3,5,1.2173762934431167
8,4.0,5.0,4,4,1.2281683726857127
8,4.0,5.0,4,5,1.2475068446508555
8,4.0,5.0,5,5,1.2671959367998067
8,4.0,5.5,2,2,0.9417361336944527
8,4.0,5.5,2,3,0.9826112746025947
8,4.0,5.5,2,4,1.0063397669830065
8,4.0,5.5,2,5,1.0218527009807299
8,4.0,5.5,3,3,1.0256111707886606
8,4.0,5.5,3,4,1.050566669641797
8,4.0,5.5,3,5,1.066879426430662
8,4.0,5.5,4,4,1.0762308004974646
8,4.0,5.5,4,5,1.09300550104779
8,4.0,5.5,5,5,1.1100813427648721
8,4.0,6.0,2,2,0.8396520114634967
8,4.0,6.0,2,3,0.8757376843209713
8,4.0,6.0,2,4,0.8966923156344361
8,4.0,6.0,2,5,0.9103941609486067
8,4.0,6.0,3,3,0.913677340862078
8,4.0,6.0,3,4,0.9357030466873002
8,4.0,6.0,3,5,0.9501032272087917
8,4.0,6.0,4,4,0.9583475788765847
8,4.0,6.0,4,5,0.973151250626377
8,4.0,6.0,5,5,0.9882180169139397
9,4.0,3,2,2,1.2846878005522424
9,4.0,3,2,3,1.335297521997507
9,4.0,3,2,4,1.3647628183304426
9,4.0,3,2,5,1.3840579048345663
9,4.0,3,3,3,1.3886508390890742
9,4.0,3,3,4,1.4197007506756436
9,4.0,3,3,5,1.4400288036712026
9,4.0,3,4,4,1.4516659038135211
9,4.0,3,4,5,1.4725905875881808
9,4.0,3,5,5,1.4939042103028042
9,4.0,3.5,2,2,1.0999762296046316
9,4.0,3.5,2,3,1.1433296864692575
9,4.0,3.5,2,4,1.1685699986608264
9,4.0,3.5,2,5,1.1850982655856148
9,4.0,3.5,3,3,1.189039168683432
9,4.0,3.5,3,4,1.2156401653655249
9,4.0,3.5,3,5,1.2330553942033697
9,4.0,3.5,4,4,1.2430270172099518
9,4.0,3.5,4,5,1.2609545141172824
9,4.0,3.5,5,5,1.2792159428170133
9,4.0,4.0,2,2,0.9777509014799431
9,4.0,4.0,2,3,1.0160261592715953
9,4.0,4.0,2,4,1.0383142992609002
9,4.0,4.0,2,5,1.05291098690002
9,4.0,4.0,3,3,1.0563071352442044
9,4.0,4.0,3,4,1.0797546811802055
9,4.0,4.0,3,5,1.0951075100879633
9,4.0,4.0,4,4,1.1038724455215243
9,4.0,4.0,4,5,1.1196623885048715
9,4.0,4.0,5,5,1.1357374207048725
9,4.0,4.5,2,2,1.0650931164464337
9,4.0,4.5,2,3,1.1092336876478224
9,4.0,4.5,2,4,1.1348942833461733
9,4.0,4.5,2,5,1.1516837632470784
9,4.0,4.5,3,3,1.155710493967654
9,4.0,4.5,3,4,1.1827202672873296
9,4.0,4.5,3,5,1.2003892045522488
9,4.0,4.5,4,4,1.210509240334486
9,4.0,4.5,4,5,1.2286861167785348
9,4.0,4.5,5,5,1.2471941132398943
9,4.0,5.0,2,2,0.9705113001342595
9,4.0,5.0,2,3,1.0113344586767423
9,4.0,5.0,2,4,1.0350558064306445
9,4.0,5.0,2,5,1.050572518729001
9,4.0,5.0,3,3,1.0543244155230476
9,4.0,5.0,3,4,1.079296782877337
9,4.0,5.0,3,5,1.0956288610518745
9,4.0,5.0,4,4,1.104991486619502
9,4.0,5.0,4,5,1.121794375726101
9,4.0,5.0,5,5,1.1389041423536583
9,4.0,5.5,2,2,0.8714788089876404
9,4.0,5.5,2,3,0.9078728325348919
9,4.0,5.5,2,4,0.9290251615844389
9,4.0,5.5,2,5,0.9428631230515306
9,4.0,5.5,3,3,0.9461753918891962
9,4.0,5.5,3,4,0.96843005223649
9,4.0,5.5,3,5,0.9829866234643704
9,4.0,5.5,4,4,0.9913214405523801
9,4.0,5.5,4,5,1.0062931125603531
9,4.0,5.5,5,5,1.0215354075202934
9,4.0,6.0,2,2,0.943136417671712
9,4.0,6.0,2,3,0.9836903144805863
9,4.0,6.0,2,4,1.0072392252090894
9,4.0,6.0,2,5,1.0226372830957478
9,4.0,6.0,3,3,1.0263322597425935
9,4.0,6.0,3,4,1.051087391556213
9,4.0,6.0,3,5,1.0672718717206762
9,4.0,6.0,4,4,1.0765393882657703
9,4.0,6.0,4,5,1.093178226797888
9,4.0,6.0,5,5,1.1101133170891457
10,4.0,3,2,2,1.08841673726847
10,4.0,3,2,3,1.1277900750625536
10,4.0,3,2,4,1.1507676319127749
10,4.0,3,2,5,1.1658344395422808
10,4.0,3,3,3,1.169335816657579
10,4.0,3,3,4,1.1935693330150081
10,4.0,3,3,5,1.209455288212828
10,4.0,3,4,4,1.218528926735626
10,4.0,3,4,5,1.2348884227385704
10,4.0,3,5,5,1.251556754261993
10,4.0,3.5,2,2,1.2213517773481182
10,4.0,3.5,2,3,1.2695101128447555
10,4.0,3.5,2,4,1.297547461293893
10,4.0,3.5,2,5,1.3159071966743927
10,4.0,3.5,3,3,1.3202895513803936
10,4.0,3.5,3,4,1.3498406152974254
10,4.0,3.5,3,5,1.3691870436267526
10,4.0,3.5,4,4,1.3802658809952895
10,4.0,3.5,4,5,1.4001821540668506
10,4.0,3.5,5,5,1.4204698828445643
10,4.0,4.0,2,2,1.085484906635814
10,4.0,4.0,2,3,1.1279983498829844
10,4.0,4.0,2,4,1.1527540862969183
10,4.0,4.0,2,5,1.168966693882572
10,4.0,4.0,3,3,1.1727438110591275
10,4.0,4.0,3,4,1.1987897025509284
10,4.0,4.0,3,5,1.2158436999831557
10,4.0,4.0,4,4,1.2255813573899748
10,4.0,4.0,4,5,1.2431217253460605
10,4.0,4.0,5,5,1.2609792989704534
10,4.0,4.5,2,2,0.9564311185002122
10,4.0,4.5,2,3,0.9940319539166742
10,4.0,4.5,2,4,1.0159246873286236
10,4.0,4.5,2,5,1.0302614268080807
10,4.0,4.5,3,3,1.0336475491658423
10,4.0,4.5,3,4,1.0567042745415947
10,4.0,4.5,3,5,1.0717999096922743
10,4.0,4.5,4,4,1.0804334924475327
10,4.0,4.5,4,5,1.0959675859929132
10,4.0,4.5,5,5,1.111787554293065
10,4.0,5.0,2,2,1.0771707065138711
10,4.0,5.0,2,3,1.1224943190960888
10,4.0,5.0,2,4,1.1488305221738677
10,4.0,5.0,2,5,1.166057583550757
10,4.0,5.0,3,3,1.1702272222580614
10,4.0,5.0,3,4,1.197954392226238
10,4.0,5.0,3,5,1.2160880105426655
10,4.0,5.0,4,4,1.226484670269199
10,4.0,5.0,4,5,1.2451417333305326
10,4.0,5.0,5,5,1.2641399729321519
10,4.0,5.5,2,2,0.9672090857752877
10,4.0,5.5,2,3,1.0076140883940317
10,4.0,5.5,2,4,1.0310973785175996
10,4.0,5.5,2,5,1.046460180798956
10,4.0,5.5,3,3,1.050141414921425
10,4.0,5.5,3,4,1.074850461281838
10,4.0,5.5,3,5,1.0910123139877468
10,4.0,5.5,4,4,1.100267496392051
10,4.0,5.5,4,5,1.116890895118548
10,4.0,5.5,5,5,1.1338151889292678
10,4.0,6.0,2,2,0.8784301681813019
10,4.0,6.0,2,3,0.9148926896899173
10,4.0,6.0,2,4,0.9360887180256273
10,4.0,6.0,2,5,0.9499566979419444
10,4.0,6.0,3,3,0.9532475170449024
10,4.0,6.0,3,4,0.9755368587050655
10,4.0,6.0,3,5,0.9901176990586101
10,4.0,6.0,4,4,0.9984579253579077
10,4.0,6.0,4,5,1.0134506797380065
10,4.0,6.0,5,5,1.0287120282475792
