2,3,3,2,2,0.1378276273934477
2,3,3,2,3,0.1429070157479303
2,3,3,2,4,0.14586977526648537
2,3,3,2,5,0.1478119598265893
2,3,3,3,3,0.14154854808988138
2,3,3,3,4,0.14444100192597928
2,3,3,3,5,0.14633754618416103
2,3,3,4,4,0.1436908120200076
2,3,3,4,5,0.14556328396078075
2,3,3,5,5,0.14508612736923837
2,3,3.5,2,2,0.1363968776405647
2,3,3.5,2,3,0.14164601991734377
2,3,3.5,2,4,0.14470413610691502
2,3,3.5,2,5,0.14670746984766153
2,3,3.5,3,3,0.14012798413946229
2,3,3.5,3,4,0.14311511722025874
2,3,3.5,3,5,0.14507237276005594
2,3,3.5,4,4,0.14228721008118608
2,3,3.5,4,5,0.14422034928445468
2,3,3.5,5,5,0.14369751447490212
2,3,4.0,2,2,0.13498810084926768
2,3,4.0,2,3,0.14037042614930037
2,3,4.0,2,4,0.14350295482387265
2,3,4.0,2,5,0.14555385847132177
2,3,4.0,3,3,0.13877380452610896
2,3,4.0,3,4,0.1418361069198596
2,3,4.0,3,5,0.14384142714513987
2,3,4.0,4,4,0.14097259619918917
2,3,4.0,4,5,0.14295419882618327
2,3,4.0,5,5,0.14241147376261806
2,3,4.5,2,2,0.1344586301578966
2,3,4.5,2,3,0.13998173052998925
2,3,4.5,2,4,0.1431933723336714
2,3,4.5,2,5,0.1452950327672511
2,3,4.5,3,3,0.13835729823406123
2,3,4.5,3,4,0.14150011930112044
2,3,4.5,3,5,0.1435571139113542
2,3,4.5,4,4,0.14062657946382023
2,3,4.5,4,5,0.14266043627835925
2,3,4.5,5,5,0.14211318761184116
2,3,5.0,2,2,0.13456224023116797
2,3,5.0,2,3,0.14023207191244952
2,3,5.0,2,4,0.14352650101134884
2,3,5.0,2,5,0.14568140407386604
2,3,5.0,3,3,0.13860571554569334
2,3,5.0,3,4,0.1418329777022773
2,3,5.0,3,5,0.14394429368835876
2,3,5.0,4,4,0.1409620745110876
2,3,5.0,4,5,0.1430508892412158
2,3,5.0,5,5,0.14250659020381864
2,3,5.5,2,2,0.1351173939422284
2,3,5.5,2,3,0.14093779421166291
2,3,5.5,2,4,0.14431740315321148
2,3,5.5,2,5,0.1465271767633483
2,3,5.5,3,3,0.1393230443513033
2,3,5.5,3,4,0.14263720367712918
2,3,5.5,3,5,0.1448045095864719
2,3,5.5,4,4,0.14177532513900445
2,3,5.5,4,5,0.14392076851886906
2,3,5.5,5,5,0.14338309976388286
2,3,6.0,2,2,0.13599524594168141
2,3,6.0,2,3,0.14196824188463525
2,3,6.0,2,4,0.14543433767556652
2,3,6.0,2,5,0.1476998865586474
2,3,6.0,3,3,0.1403722247854059
2,3,6.0,3,4,0.14377456620844575
2,3,6.0,3,5,0.1459987516610411
2,3,6.0,4,4,0.14292491007290054
2,3,6.0,4,5,0.14512785036081405
2,3,6.0,5,5,0.14459858817965027
3,3,3,2,2,0.20319856760024904
3,3,3,2,3,0.21068442754091232
3,3,3,2,4,0.2150509012086013
3,3,3,2,5,0.21791328134599344
3,3,3,3,3,0.2086794424593242
3,3,3,3,4,0.2129424529355549
3,3,3,3,5,0.2157376662507203
3,3,3,4,4,0.21183538551577263
3,3,3,4,5,0.21459517253269653
3,3,3,5,5,0.2138910821783104
3,3,3.5,2,2,0.20108274584500976
3,3,3.5,2,3,0.20881930647537972
3,3,3.5,2,4,0.2133266087887218
3,3,3.5,2,5,0.21627929827425785
3,3,3.5,3,3,0.20657976927469185
3,3,3.5,3,4,0.21098259543921813
3,3,3.5,3,5,0.2138674634385266
3,3,3.5,4,4,0.20976131631245432
3,3,3.5,4,5,0.21261068802298205
3,3,3.5,5,5,0.211839479547437
3,3,4.0,2,2,0.19900175550550572
3,3,4.0,2,3,0.20693501436015793
3,3,4.0,2,4,0.2115522182801921
3,3,4.0,2,5,0.21457516551473219
3,3,4.0,3,3,0.2045801394816915
3,3,4.0,3,4,0.2090939700383547
3,3,4.0,3,5,0.2120498169421366
3,3,4.0,4,4,0.20782046970731424
3,3,4.0,4,5,0.2107414036131439
3,3,4.0,5,5,0.2099410346714821
3,3,4.5,2,2,0.19821855484303946
3,3,4.5,2,3,0.20635963058732307
3,3,4.5,2,4,0.21109362408873822
3,3,4.5,2,5,0.2141915002873996
3,3,4.5,3,3,0.20396414200829116
3,3,4.5,3,4,0.20859682353401626
3,3,4.5,3,5,0.21162894532177778
3,3,4.5,4,4,0.2073087349993273
3,3,4.5,4,5,0.21030679483698445
3,3,4.5,5,5,0.2094998762035461
3,3,5.0,2,2,0.19836959388414335
3,3,5.0,2,3,0.20672721551412723
3,3,5.0,2,4,0.21158338580779304
3,3,5.0,2,5,0.21475983678123142
3,3,5.0,3,3,0.20432918571729175
3,3,5.0,3,4,0.2090864731754755
3,3,5.0,3,5,0.2121987543584293
3,3,5.0,4,4,0.20780242113884015
3,3,5.0,4,5,0.21088157570020674
3,3,5.0,5,5,0.21007909538926345
3,3,5.5,2,2,0.1991869238158824
3,3,5.5,2,3,0.20776671067875005
3,3,5.5,2,4,0.21274856365038372
3,3,5.5,2,5,0.2160059756463832
3,3,5.5,3,3,0.20538602267546013
3,3,5.5,3,4,0.21027151698788632
3,3,5.5,3,5,0.21346640458651575
3,3,5.5,4,4,0.2090008854268805
3,3,5.5,4,5,0.21216358544257516
3,3,5.5,5,5,0.2113709491533074
3,3,6.0,2,2,0.2004804016938169
3,3,6.0,2,3,0.2092853139375439
3,3,6.0,2,4,0.21439476050083636
3,3,6.0,2,5,0.21773445707367314
3,3,6.0,3,3,0.2069324266412309
3,3,6.0,3,4,0.21194800724195756
3,3,6.0,3,5,0.21522680322391124
3,3,6.0,4,4,0.21069548619642048
3,3,6.0,4,5,0.2139430025169552
3,3,6.0,5,5,0.21316281419788197
4,3,3,2,2,0.26918410513140695
4,3,3,2,3,0.2790991083504104
4,3,3,2,4,0.28488251999906816
4,3,3,2,5,0.28867376423117086
4,3,3,3,3,0.2764415662798061
4,3,3,3,4,0.28208804217062433
4,3,3,3,5,0.2857903885493262
4,3,3,4,4,0.2806207607492167
4,3,3,4,5,0.2842762189842135
4,3,3,5,5,0.2833430722280712
4,3,3.5,2,2,0.2663768845482131
4,3,3.5,2,3,0.27662428858567145
4,3,3.5,2,4,0.2825944240365582
4,3,3.5,2,5,0.28650540915510825
4,3,3.5,3,3,0.273656493095619
4,3,3.5,3,4,0.27948834140353296
4,3,3.5,3,5,0.28330955536580593
4,3,3.5,4,4,0.27787000423144764
4,3,3.5,4,5,0.2816442339356143
4,3,3.5,5,5,0.28062232361836986
4,3,4.0,2,2,0.2636174317461896
4,3,4.0,2,3,0.2741256402315323
4,3,4.0,2,4,0.28024149661739395
4,3,4.0,2,5,0.28424563841536876
4,3,4.0,3,3,0.27100540052480315
4,3,4.0,3,4,0.27698442199589385
4,3,4.0,3,5,0.28089974244630406
4,3,4.0,4,4,0.27529708502904077
4,3,4.0,4,5,0.27916619088127076
4,3,4.0,5,5,0.2781057598512162
4,3,4.5,2,2,0.2625781614111848
4,3,4.5,2,3,0.2733618541029562
4,3,4.5,2,4,0.27963252804239075
4,3,4.5,2,5,0.2837359965082537
4,3,4.5,3,3,0.2701880704822254
4,3,4.5,3,4,0.2763246330960983
4,3,4.5,3,5,0.2803410586046284
4,3,4.5,4,4,0.274618102499933
4,3,4.5,4,5,0.2785894383200646
4,3,4.5,5,5,0.27752041036140424
4,3,5.0,2,2,0.26277710543001687
4,3,5.0,2,3,0.27384781107747264
4,3,5.0,2,4,0.2802804194552594
4,3,5.0,2,5,0.28448803161012165
4,3,5.0,3,3,0.27067085809681773
4,3,5.0,3,4,0.2769725670847382
4,3,5.0,3,5,0.2810952316343088
4,3,5.0,4,4,0.27527148337609025
4,3,5.0,4,5,0.27935029521874905
4,3,5.0,5,5,0.27828720669633483
4,3,5.5,2,2,0.2638590963413003
4,3,5.5,2,3,0.2752242337843431
4,3,5.5,2,4,0.28182340667002614
4,3,5.5,2,5,0.28613831446349625
4,3,5.5,3,3,0.2720704077582577
4,3,5.5,3,4,0.2785420200011025
4,3,5.5,3,5,0.28277415663165273
4,3,5.5,4,4,0.27685879189048085
4,3,5.5,4,5,0.28104831803475117
4,3,5.5,5,5,0.2799983162754504
4,3,6.0,2,2,0.26557212059374147
4,3,6.0,2,3,0.2772355923154402
4,3,6.0,2,4,0.28400385048922516
4,3,6.0,2,5,0.2884278004231878
4,3,6.0,3,3,0.2741187169803493
4,3,6.0,3,4,0.2807627122702596
4,3,6.0,3,5,0.2851060393426059
4,3,6.0,4,4,0.27910353654646564
4,3,6.0,4,5,0.2834054543821455
4,3,6.0,5,5,0.28237197903348554
5,3,3,2,2,0.3354077413668052
5,3,3,2,3,0.34776066670034417
5,3,3,2,4,0.3549661368755357
5,3,3,2,5,0.3596896018603741
5,3,3,3,3,0.34444822430203403
5,3,3,3,4,0.35148316440467464
5,3,3,3,5,0.35609592147245595
5,3,3,4,4,0.34965437467794946
5,3,3,4,5,0.3542087400723456
5,3,3,5,5,0.35304571358569015
5,3,3.5,2,2,0.331906660398408
5,3,3.5,2,3,0.3446739792472776
5,3,3.5,2,4,0.3521122327256191
5,3,3.5,2,5,0.35698497552357566
5,3,3.5,3,3,0.340975305380811
5,3,3.5,3,4,0.3482413378270576
5,3,3.5,3,5,0.3530022800247261
5,3,3.5,4,4,0.346224513476601
5,3,3.5,4,5,0.3509269416949237
5,3,3.5,5,5,0.3496534269467414
5,3,4.0,2,2,0.3284663177274797
5,3,4.0,2,3,0.34155877677958496
5,3,4.0,2,4,0.3491786987637947
5,3,4.0,2,5,0.3541675791528917
5,3,4.0,3,3,0.3376704155881137
5,3,4.0,3,4,0.3451199195396139
5,3,4.0,3,5,0.34999817865847066
5,3,4.0,4,4,0.3430172548800889
5,3,4.0,4,5,0.3478379567447588
5,3,4.0,5,5,0.3465165264222278
5,3,4.5,2,2,0.3271700670926069
5,3,4.5,2,3,0.34060592043326204
5,3,4.5,2,4,0.3484188243731791
5,3,4.5,2,5,0.35353151666366517
5,3,4.5,3,3,0.33665103646938815
5,3,4.5,3,4,0.344296910612614
5,3,4.5,3,5,0.34930119408956856
5,3,4.5,4,4,0.3421704292660675
5,3,4.5,4,5,0.34711855526809615
5,3,4.5,5,5,0.3457864727804011
5,3,5.0,2,2,0.3274170977301705
5,3,5.0,2,3,0.34121068423374235
5,3,5.0,2,4,0.34922542308179705
5,3,5.0,2,5,0.3544679198295108
5,3,5.0,3,3,0.33725199898597397
5,3,5.0,3,4,0.34510370563970955
5,3,5.0,3,5,0.3502404015301773
5,3,5.0,4,4,0.3429840858937078
5,3,5.0,4,5,0.3480661640482236
5,3,5.0,5,5,0.346741527067151
5,3,5.5,2,2,0.32876471040540983
5,3,5.5,2,3,0.3429252550929349
5,3,5.5,2,4,0.3511475872691855
5,3,5.5,2,5,0.35652380895934943
5,3,5.5,3,3,0.33899550165438
5,3,5.5,3,4,0.34705895793278524
5,3,5.5,3,5,0.3523320881987121
5,3,5.5,4,4,0.3449616443186671
5,3,5.5,4,5,0.35018170335875765
5,3,5.5,5,5,0.34887340722930443
5,3,6.0,2,2,0.3308987986689996
5,3,6.0,2,3,0.3454311499047197
5,3,6.0,2,4,0.3538642083386782
5,3,6.0,2,5,0.35937632599970454
5,3,6.0,3,3,0.34154752921887815
5,3,6.0,3,4,0.34982581751510045
5,3,6.0,3,5,0.3552375184621909
5,3,6.0,4,4,0.3477585191325709
5,3,6.0,4,5,0.3531186445015346
5,3,6.0,5,5,0.3518309676617604
6,3,3,2,2,0.4017487744098529
6,3,3,2,3,0.41654394904318065
6,3,3,2,4,0.42517400173918685
6,3,3,2,5,0.4308313420319952
6,3,3,3,3,0.4125754498322498
6,3,3,3,4,0.4210013182043334
6,3,3,3,5,0.42652610160790383
6,3,3,4,4,0.4188103814814737
6,3,3,4,5,0.42426524916031594
6,3,3,5,5,0.42287193668921713
6,3,3.5,2,2,0.3975526161888716
6,3,3.5,2,3,0.41284432150186134
6,3,3.5,2,4,0.421753298154201
6,3,3.5,2,5,0.42758950522710976
6,3,3.5,3,3,0.4084134766639577
6,3,3.5,3,4,0.41711623788582286
6,3,3.5,3,5,0.42281857563572456
6,3,3.5,4,4,0.4147002213671706
6,3,3.5,4,5,0.4203324948588757
6,3,3.5,5,5,0.41880693045609696
6,3,4.0,2,2,0.39343018481696024
6,3,4.0,2,3,0.4091114794320079
6,3,4.0,2,4,0.4182381354884433
6,3,4.0,2,5,0.4242135015475612
6,3,4.0,3,3,0.40445363707938975
6,3,4.0,3,4,0.4133762321244102
6,3,4.0,3,5,0.41921913813578243
6,3,4.0,4,4,0.41085750438202734
6,3,4.0,4,5,0.4166314902665476
6,3,4.0,5,5,0.4150485984408251
6,3,4.5,2,2,0.3918765036149184
6,3,4.5,2,3,0.407969222432183
6,3,4.5,2,4,0.4173270921897434
6,3,4.5,2,5,0.4234507985893536
6,3,4.5,3,3,0.4032318546535615
6,3,4.5,3,4,0.4123897174828381
6,3,4.5,3,5,0.4183836111414492
6,3,4.5,4,4,0.409842541398779
6,3,4.5,4,5,0.415769190074209
6,3,4.5,5,5,0.41417358696082807
6,3,5.0,2,2,0.39217170959375514
6,3,5.0,2,3,0.40869300670088354
6,3,5.0,2,4,0.41829268231754857
6,3,5.0,2,5,0.4245718992709594
6,3,5.0,3,3,0.4039512039941876
6,3,5.0,3,4,0.4133556573628335
6,3,5.0,3,5,0.41950818305623505
6,3,5.0,4,4,0.41081675979709564
6,3,5.0,4,5,0.41690388354683694
6,3,5.0,5,5,0.41531723449820157
6,3,5.5,2,2,0.39378541720432636
6,3,5.5,2,3,0.4107463270826045
6,3,5.5,2,4,0.42059469737283756
6,3,5.5,2,5,0.42703411529133983
6,3,5.5,3,3,0.4060392708624781
6,3,5.5,3,4,0.41569739421551266
6,3,5.5,3,5,0.4220133642524601
6,3,5.5,4,4,0.4131852609707039
6,3,5.5,4,5,0.41943768040836327
6,3,5.5,5,5,0.4178706319283519
6,3,6.0,2,2,0.39634131740497536
6,3,6.0,2,3,0.41374763603431863
6,3,6.0,2,4,0.42384844719464715
6,3,6.0,2,5,0.4304506624066346
6,3,6.0,3,3,0.4090959105342924
6,3,6.0,3,4,0.4190113899644539
6,3,6.0,3,5,0.4254933593559308
6,3,6.0,4,4,0.416535245181619
6,3,6.0,4,5,0.42295545454608824
6,3,6.0,5,5,0.4214131253803555
7,3,3,2,2,0.46815638479268734
7,3,3,2,3,0.4853962622351735
7,3,3,2,4,0.49545232856196697
7,3,3,2,5,0.5020444823019092
7,3,3,3,3,0.48077104994135506
7,3,3,3,4,0.49058924373718826
7,3,3,3,5,0.4970269695727284
7,3,3,4,4,0.4880357976086624
7,3,3,4,5,0.49439207204188607
7,3,3,5,5,0.4927682430782192
7,3,3.5,2,2,0.4632644580066084
7,3,3.5,2,3,0.4810830853040349
7,3,3.5,2,4,0.49146426230886486
7,3,3.5,2,5,0.49826490133822854
7,3,3.5,3,3,0.4759193361653543
7,3,3.5,3,4,0.48606026905822974
7,3,3.5,3,5,0.49270494778717894
7,3,3.5,4,4,0.48324466043135256
7,3,3.5,4,5,0.4898077129756557
7,3,3.5,5,5,0.48802984635198793
7,3,4.0,2,2,0.4584592573055398
7,3,4.0,2,3,0.47673198734751326
7,3,4.0,2,4,0.4873668906051197
7,3,4.0,2,5,0.49432973299794564
7,3,4.0,3,3,0.47130389255907607
7,3,4.0,3,4,0.4817010579087212
7,3,4.0,3,5,0.4885095794604322
7,3,4.0,4,4,0.47876584995325083
7,3,4.0,4,5,0.48549407705035497
7,3,4.0,5,5,0.48364946155211497
7,3,4.5,2,2,0.4566478896974466
7,3,4.5,2,3,0.47540014186446106
7,3,4.5,2,4,0.4863045287885855
7,3,4.5,2,5,0.49344026448192474
7,3,4.5,3,3,0.4698795055741696
7,3,4.5,3,4,0.4805508751992794
7,3,4.5,3,5,0.4875353726513397
7,3,4.5,4,4,0.4775825824089338
7,3,4.5,4,5,0.4844887361944197
7,3,4.5,5,5,0.4826293481045523
7,3,5.0,2,2,0.4569913210137981
7,3,5.0,2,3,0.4762430674825144
7,3,5.0,2,4,0.48742927121067775
7,3,5.0,2,5,0.49474624927553573
7,3,5.0,3,3,0.47071736169954964
7,3,5.0,3,4,0.48167612068547155
7,3,5.0,3,5,0.48884549603567945
7,3,5.0,4,4,0.4787175246094292
7,3,5.0,4,5,0.4858107029405195
7,3,5.0,5,5,0.4839617789010811
7,3,5.5,2,2,0.4588713916908376
7,3,5.5,2,3,0.478635478255308
7,3,5.5,2,4,0.49011151915150125
7,3,5.5,2,5,0.49761520071119764
7,3,5.5,3,3,0.47315033924983735
7,3,5.5,3,4,0.48440473055829236
7,3,5.5,3,5,0.4917645872678077
7,3,5.5,4,4,0.4814773613551002
7,3,5.5,4,5,0.48876317753260146
7,3,5.5,5,5,0.4869371169836627
7,3,6.0,2,2,0.46184952785052563
7,3,6.0,2,3,0.48213269908470435
7,3,6.0,2,4,0.49390293724332734
7,3,6.0,2,5,0.5015963443629708
7,3,6.0,3,3,0.47671209782117474
7,3,6.0,3,4,0.48826641186470066
7,3,6.0,3,5,0.4958197240792321
7,3,6.0,4,4,0.4853810102606869
7,3,6.0,4,5,0.4928623677382038
7,3,6.0,5,5,0.4910651305905915
8,3,3,2,2,0.534605412732726
8,3,3,2,3,0.5542915190828724
8,3,3,2,4,0.5657744892035045
8,3,3,2,5,0.573302039922797
8,3,3,3,3,0.5490091852583423
8,3,3,3,4,0.5602205735330563
8,3,3,3,5,0.5675718116299575
8,3,3,4,4,0.5573043924559398
8,3,3,4,5,0.5645626362456003
8,3,3,5,5,0.5627081473391239
8,3,3.5,2,2,0.529017286777021
8,3,3.5,2,3,0.5493644132125423
8,3,3.5,2,4,0.5612187094125787
8,3,3.5,2,5,0.5689843823219911
8,3,3.5,3,3,0.5434673034455126
8,3,3.5,3,4,0.5550473055392144
8,3,3.5,3,5,0.5626349133355767
8,3,3.5,4,4,0.5518318559442589
8,3,3.5,4,5,0.5593262683884275
8,3,3.5,5,5,0.5572959423901372
8,3,4.0,2,2,0.5235288929929016
8,3,4.0,2,3,0.5443946756725431
8,3,4.0,2,4,0.5565387673550294
8,3,4.0,2,5,0.564489702312853
8,3,4.0,3,3,0.538195848558571
8,3,4.0,3,4,0.5500685043498779
8,3,4.0,3,5,0.5578432439857833
8,3,4.0,4,4,0.5467165566499521
8,3,4.0,4,5,0.5543996203817931
8,3,4.0,5,5,0.5522931180969376
8,3,4.5,2,2,0.521459679604777
8,3,4.5,2,3,0.542873124663366
8,3,4.5,2,4,0.5553249937671618
8,3,4.5,2,5,0.5634733902480734
8,3,4.5,3,3,0.5365687316541479
8,3,4.5,3,4,0.5487545524227563
8,3,4.5,3,5,0.5567302717497747
8,3,4.5,4,4,0.545364880401209
8,3,4.5,4,5,0.5532511504304206
8,3,4.5,5,5,0.5511278129028522
8,3,5.0,2,2,0.5218513672182341
8,3,5.0,2,3,0.5438352667060555
8,3,5.0,2,4,0.5566089884493268
8,3,5.0,2,5,0.5649643751271514
8,3,5.0,3,3,0.5375251690916356
8,3,5.0,3,4,0.5500392034290364
8,3,5.0,3,5,0.558226062848822
8,3,5.0,4,4,0.5466606471253768
8,3,5.0,4,5,0.5547605076937311
8,3,5.0,5,5,0.5526491450978342
8,3,5.5,2,2,0.5239979676709932
8,3,5.5,2,3,0.5465669798441509
8,3,5.5,2,4,0.5596717068571546
8,3,5.5,2,5,0.5682403160550403
8,3,5.5,3,3,0.5403032728095408
8,3,5.5,3,4,0.5531549279301456
8,3,5.5,3,5,0.5615593225563708
8,3,5.5,4,4,0.5498120637750554
8,3,5.5,4,5,0.5581319213713071
8,3,5.5,5,5,0.5560466871873003
8,3,6.0,2,2,0.5273986035111747
8,3,6.0,2,3,0.5505604221438893
8,3,6.0,2,4,0.5640011288100627
8,3,6.0,2,5,0.5727864086006533
8,3,6.0,3,3,0.544370465521092
8,3,6.0,3,4,0.5575646365418708
8,3,6.0,3,5,0.566189959921319
8,3,6.0,4,4,0.554269722805381
8,3,6.0,4,5,0.56281289035785
8,3,6.0,5,5,0.5607605861939605
9,3,3,2,2,0.6010819667776274
9,3,3,2,3,0.6232153161691395
9,3,3,2,4,0.6361257816228052
9,3,3,2,5,0.6445891170961804
9,3,3,3,3,0.6172755892672553
9,3,3,3,4,0.6298807495395725
9,3,3,3,5,0.638145878570762
9,3,3,4,4,0.6266016835734576
9,3,3,4,5,0.6347622705918257
9,3,3,5,5,0.6326770263795387
9,3,3.5,2,2,0.5947973552015009
9,3,3.5,2,3,0.6176740288582603
9,3,3.5,2,4,0.6310020548634536
9,3,3.5,2,5,0.6397331616571889
9,3,3.5,3,3,0.6110432551246783
9,3,3.5,3,4,0.6240629228718987
9,3,3.5,3,5,0.6325938505496891
9,3,3.5,4,4,0.6204474668873508
9,3,3.5,4,5,0.6288736252354143
9,3,3.5,5,5,0.6265907354015912
9,3,4.0,2,2,0.5886254865385955
9,3,4.0,2,3,0.6120853965755574
9,3,4.0,2,4,0.6257393021755316
9,3,4.0,2,5,0.6346787392167196
9,3,4.0,3,3,0.6051155181602739
9,3,4.0,3,4,0.6184642758782863
9,3,4.0,3,5,0.6272056340244804
9,3,4.0,4,4,0.6146954159313758
9,3,4.0,4,5,0.6233337119931681
9,3,4.0,5,5,0.620965214506425
9,3,4.5,2,2,0.5862983213415767
9,3,4.5,2,3,0.6103740621560512
9,3,4.5,2,4,0.624374054748932
9,3,4.5,2,5,0.6335355316834864
9,3,4.5,3,3,0.6032855879404744
9,3,4.5,3,4,0.6169864874340409
9,3,4.5,3,5,0.6259538393922546
9,3,4.5,4,4,0.6131752616974836
9,3,4.5,4,5,0.622042054111229
9,3,4.5,5,5,0.6196546578403263
9,3,5.0,2,2,0.5867382857562766
9,3,5.0,2,3,0.6114554704560343
9,3,5.0,2,4,0.6258173680712091
9,3,5.0,2,5,0.6352115936700836
9,3,5.0,3,3,0.6043606561709217
9,3,5.0,3,4,0.6184306103179367
9,3,5.0,3,5,0.6276353754203757
9,3,5.0,4,4,0.6146319198458734
9,3,5.0,4,5,0.6237388797758742
9,3,5.0,5,5,0.6213649699168623
9,3,5.5,2,2,0.5891515267324787
9,3,5.5,2,3,0.6145266267978611
9,3,5.5,2,4,0.6292607148073549
9,3,5.5,2,5,0.6388946929171464
9,3,5.5,3,3,0.6074840292381938
9,3,5.5,3,4,0.6219336099940974
9,3,5.5,3,5,0.6313829753387235
9,3,5.5,4,4,0.6181750787613615
9,3,5.5,4,5,0.6275294062167004
9,3,5.5,5,5,0.6251848910226885
9,3,6.0,2,2,0.592974837491669
9,3,6.0,2,3,0.6190164962989617
9,3,6.0,2,4,0.6341283636344897
9,3,6.0,2,5,0.6440059685149419
9,3,6.0,3,3,0.6120568655822878
9,3,6.0,3,4,0.6268915730234537
9,3,6.0,3,5,0.6365893517347567
9,3,6.0,4,4,0.623186977479736
9,3,6.0,4,5,0.6327923950357905
9,3,6.0,5,5,0.6304849181655728
10,3,3,2,2,0.6675777468334861
10,3,3,2,3,0.6921590475421814
10,3,3,2,4,0.7064974214636629
10,3,3,2,5,0.7158968125158253
10,3,3,3,3,0.6855617378469362
10,3,3,3,4,0.6995610734631447
10,3,3,3,5,0.7087403578987941
10,3,3,4,4,0.6959190178555745
10,3,3,4,5,0.7049822092212071
10,3,3,5,5,0.7026661430812849
10,3,3.5,2,2,0.6605964494133
10,3,3.5,2,3,0.6860034022895585
10,3,3.5,2,4,0.7008055845605358
10,3,3.5,2,5,0.7105024046088114
10,3,3.5,3,3,0.6786387526840723
10,3,3.5,3,4,0.6930985026610955
10,3,3.5,3,5,0.7025730231739784
10,3,3.5,4,4,0.6890829247298973
10,3,3.5,4,5,0.6984410985773037
10,3,3.5,5,5,0.6959055719366434
10,3,4.0,2,2,0.6537409089550817
10,3,4.0,2,3,0.6797956969601718
10,3,4.0,2,4,0.6949598533377653
10,3,4.0,2,5,0.7048880784807248
10,3,4.0,3,3,0.6720545444278765
10,3,4.0,3,4,0.6868798311526367
10,3,4.0,3,5,0.6965880874791792
10,3,4.0,4,4,0.6826939384619706
10,3,4.0,4,5,0.6922877432207327
10,3,4.0,5,5,0.6896571748024966
10,3,4.5,2,2,0.6511557178323176
10,3,4.5,2,3,0.6778945246778383
10,3,4.5,2,4,0.6934430886709269
10,3,4.5,2,5,0.7036179391675231
10,3,4.5,3,3,0.6700217425993069
10,3,4.5,3,4,0.6852381591438443
10,3,4.5,3,5,0.6951974306206523
10,3,4.5,4,4,0.6810052578162438
10,3,4.5,4,5,0.6908528562793328
10,3,4.5,5,5,0.6882013249164022
10,3,5.0,2,2,0.6516439733306054
10,3,5.0,2,3,0.6790952340074315
10,3,5.0,2,4,0.6950457669662018
10,3,5.0,2,5,0.7054791320294272
10,3,5.0,3,3,0.6712154761560485
10,3,5.0,3,4,0.6868418002290915
10,3,5.0,3,5,0.6970647654863952
10,3,5.0,4,4,0.6826228540952153
10,3,5.0,4,5,0.6927372047249729
10,3,5.0,5,5,0.6901006716745436
10,3,5.5,2,2,0.654323932157786
10,3,5.5,2,3,0.6825059319020382
10,3,5.5,2,4,0.698869852271927
10,3,5.5,2,5,0.7095695074975413
10,3,5.5,3,3,0.6746842185637051
10,3,5.5,3,4,0.6907321872023421
10,3,5.5,3,5,0.7012268255538492
10,3,5.5,4,4,0.6865578686689094
10,3,5.5,4,5,0.6969469652265468
10,3,5.5,5,5,0.694343094025992
10,3,6.0,2,2,0.6585700402171939
10,3,6.0,2,3,0.6874923722870896
10,3,6.0,2,4,0.7042758837288154
10,3,6.0,2,5,0.7152461296888055
10,3,6.0,3,3,0.6797628448542844
10,3,6.0,3,4,0.6962385632719845
10,3,6.0,3,5,0.7070091075430407
10,3,6.0,4,4,0.6921241674120098
10,3,6.0,4,5,0.7027921422401808
10,3,6.0,5,5,0.7002294188451628
11,3,3,2,2,0.7340874867710133
11,3,3,2,3,0.7611172530359945
11,3,3,2,4,0.7768838353796775
11,3,3,2,5,0.7872194786418046
11,3,3,3,3,0.7538622227664742
11,3,3,3,4,0.7692560265761629
11,3,3,3,5,0.7793496584349638
11,3,3,4,4,0.7652509052528778
11,3,3,4,5,0.7752168905517466
11,3,3,5,5,0.7726699541021854
11,3,3.5,2,2,0.7264093580394764
11,3,3.5,2,3,0.7543471216048623
11,3,3.5,2,4,0.7706237697751163
11,3,3.5,2,5,0.7812865059159827
11,3,3.5,3,3,0.7462484422443351
11,3,3.5,3,4,0.7621485769099747
11,3,3.5,3,5,0.7725668884385212
11,3,3.5,4,4,0.7577327931175696
11,3,3.5,4,5,0.7680231782072597
11,3,3.5,5,5,0.7652349617705425
11,3,4.0,2,2,0.7188700027524263
11,3,4.0,2,3,0.7475202137143906
11,3,4.0,2,4,0.7641949380566554
11,3,4.0,2,5,0.7751121589682695
11,3,4.0,3,3,0.7390076252668696
11,3,4.0,3,4,0.7553097510863831
11,3,4.0,3,5,0.7659851086520805
11,3,4.0,4,4,0.750706738154305
11,3,4.0,4,5,0.7612562522712168
11,3,4.0,5,5,0.7583635579316683
11,3,4.5,2,2,0.7160267318535237
11,3,4.5,2,3,0.7454291640004964
11,3,4.5,2,4,0.7625266246069837
11,3,4.5,2,5,0.7737150614818714
11,3,4.5,3,3,0.7367719094772275
11,3,4.5,3,4,0.7535041613282524
11,3,4.5,3,5,0.7644555606241784
11,3,4.5,4,4,0.748849495913075
11,3,4.5,4,5,0.7596781063867579
11,3,4.5,5,5,0.7567623844940754
11,3,5.0,2,2,0.7165632887829427
11,3,5.0,2,3,0.7467491995878556
11,3,5.0,2,4,0.7642887014991155
11,3,5.0,2,5,0.7757614242424333
11,3,5.0,3,3,0.7380843334187767
11,3,5.0,3,4,0.7552673542358709
11,3,5.0,3,5,0.766508733456727
11,3,5.0,4,4,0.7506280642234734
11,3,5.0,4,5,0.7617500170866859
11,3,5.0,5,5,0.7588508057135267
11,3,5.5,2,2,0.719510021593099
11,3,5.5,2,3,0.7504995104332481
11,3,5.5,2,4,0.7684936054086774
11,3,5.5,2,5,0.7802591615289916
11,3,5.5,3,3,0.7418985177601343
11,3,5.5,3,4,0.7595452099089653
11,3,5.5,3,5,0.7710853407522386
11,3,5.5,4,4,0.7549550167821195
11,3,5.5,4,5,0.7663790997163544
11,3,5.5,5,5,0.7635158180554138
11,3,6.0,2,2,0.7241790158031142
11,3,6.0,2,3,0.7559826260215021
11,3,6.0,2,4,0.7744381325818146
11,3,6.0,2,5,0.7865012490542437
11,3,6.0,3,3,0.7474830402294897
11,3,6.0,3,4,0.7656001141895735
11,3,6.0,3,5,0.7774436492707139
11,3,6.0,4,4,0.7610758319663946
11,3,6.0,4,5,0.7728065871687552
11,3,6.0,5,5,0.7699885636511592
12,3,3,2,2,0.8006076836332615
12,3,3,2,3,0.8300863006337259
12,3,3,2,4,0.8472813160740765
12,3,3,2,5,0.8585533588285754
12,3,3,3,3,0.8221734465644026
12,3,3,3,4,0.8389619379214378
12,3,3,3,5,0.8499700610319105
12,3,3,4,4,0.8345936938888632
12,3,3,4,5,0.8454626151276243
12,3,3,5,5,0.842684772121951
12,3,3.5,2,2,0.7922326145722689
12,3,3.5,2,3,0.8227015869163351
12,3,3.5,2,4,0.8404529329126668
12,3,3.5,2,5,0.852081737079311
12,3,3.5,3,3,0.8138687625192483
12,3,3.5,3,4,0.8312095084274134
12,3,3.5,3,5,0.8425717594168801
12,3,3.5,4,4,0.826393455910232
12,3,3.5,4,5,0.8376161988620072
12,3,3.5,5,5,0.8345752529333335
12,3,4.0,2,2,0.7840093372812306
12,3,4.0,2,3,0.8152553794192337
12,3,4.0,2,4,0.8334409093127019
12,3,4.0,2,5,0.8453472815443486
12,3,4.0,3,3,0.8059712338503807
12,3,4.0,3,4,0.8237504310347086
12,3,4.0,3,5,0.835393041939991
12,3,4.0,4,4,0.8187302323159329
12,3,4.0,4,5,0.8302356060958108
12,3,4.0,5,5,0.8270807446418504
12,3,4.5,2,2,0.7809079462471842
12,3,4.5,2,3,0.8129744226150976
12,3,4.5,2,4,0.8316210234348925
12,3,4.5,2,5,0.8438232060974163
12,3,4.5,3,3,0.80353257235895
12,3,4.5,3,4,0.821780897905789
12,3,4.5,3,5,0.8337245810483952
12,3,4.5,4,4,0.8167044021111105
12,3,4.5,4,5,0.8285141788710454
12,3,4.5,5,5,0.825334224920922
12,3,5.0,2,2,0.781492812344722
12,3,5.0,2,3,0.8144138033455769
12,3,5.0,2,4,0.8335425240992335
12,3,5.0,2,5,0.8460547679772401
12,3,5.0,3,3,0.8049637054461116
12,3,5.0,3,4,0.8237036678113222
12,3,5.0,3,5,0.8359636211500209
12,3,5.0,4,4,0.8186439678392963
12,3,5.0,4,5,0.8307736813864521
12,3,5.0,5,5,0.827611750393145
12,3,5.5,2,2,0.7847063611754672
12,3,5.5,2,3,0.8185037806161066
12,3,5.5,2,4,0.8381283065569143
12,3,5.5,2,5,0.8509599311943244
12,3,5.5,3,3,0.8091233860926911
12,3,5.5,3,4,0.8283690531555638
12,3,5.5,3,5,0.840954840897208
12,3,5.5,4,4,0.8233629200472871
12,3,5.5,4,5,0.8358221521091614
12,3,5.5,5,5,0.8326994191984302
12,3,6.0,2,2,0.7897983080851867
12,3,6.0,2,3,0.824483649545272
12,3,6.0,2,4,0.8446114141519404
12,3,6.0,2,5,0.8577675729948158
12,3,6.0,3,3,0.8152138843130057
12,3,6.0,3,4,0.8349725719154689
12,3,6.0,3,5,0.8478892665323786
12,3,6.0,4,4,0.8300383388748059
12,3,6.0,4,5,0.8428320415682286
12,3,6.0,5,5,0.8397586777804198
13,3,3,2,2,0.8671359164388379
13,3,3,2,3,0.8990636801636486
13,3,3,2,4,0.9176873013505943
13,3,3,2,5,0.9298958567761071
13,3,3,3,3,0.8904929229560716
13,3,3,3,4,0.9086762704228211
13,3,3,3,5,0.9205989953097947
13,3,3,4,4,0.903944859876742
13,3,3,4,5,0.9157168261806251
13,3,3,5,5,0.9127080487607753
13,3,3.5,2,2,0.8580638232360301
13,3,3.5,2,3,0.8910643102712806
13,3,3.5,2,4,0.910290532318111
13,3,3.5,2,5,0.9228855212640318
13,3,3.5,3,3,0.8814972522382066
13,3,3.5,3,4,0.9002787834853091
13,3,3.5,3,5,0.9125850880093522
13,3,3.5,4,4,0.8950624139302807
13,3,3.5,4,5,0.90721762741516
13,3,3.5,5,5,0.9039239214870192
13,3,4.0,2,2,0.8491565415578071
13,3,4.0,2,3,0.8829987285705773
13,3,4.0,2,4,0.902695246590243
13,3,4.0,2,5,0.91559088967651
13,3,4.0,3,3,0.8729429327306767
13,3,4.0,3,4,0.8921993797701203
13,3,4.0,3,5,0.9048093608981187
13,3,4.0,4,4,0.8867619448920083
13,3,4.0,4,5,0.8992232938384667
13,3,4.0,5,5,0.8958062336127389
13,3,4.5,2,2,0.8457969993597966
13,3,4.5,2,3,0.8805278418716933
13,3,4.5,2,4,0.9007237701017146
13,3,4.5,2,5,0.9139398210519251
13,3,4.5,3,3,0.8703013011350964
13,3,4.5,3,4,0.8900658835712981
13,3,4.5,3,5,0.9030019704620462
13,3,4.5,4,4,0.8845675064517516
13,3,4.5,4,5,0.897358568053643
13,3,4.5,5,5,0.893914350132165
13,3,5.0,2,2,0.8464301805623052
13,3,5.0,2,3,0.8820865822505929
13,3,5.0,2,4,0.9028047138780254
13,3,5.0,2,5,0.9163566044997616
13,3,5.0,3,3,0.871851157778866
13,3,5.0,3,4,0.892148249816028
13,3,5.0,3,5,0.9054269003458275
13,3,5.0,4,4,0.8866680891019062
13,3,5.0,4,5,0.8998056850970982
13,3,5.0,5,5,0.8963810027472052
13,3,5.5,2,2,0.849910577712753
13,3,5.5,2,3,0.8865162670352953
13,3,5.5,2,4,0.9077714209453931
13,3,5.5,2,5,0.9216692429121471
13,3,5.5,3,3,0.8763563765104575
13,3,5.5,3,4,0.8972012116834249
13,3,5.5,3,5,0.9108327826647526
13,3,5.5,4,4,0.8917790883443134
13,3,5.5,4,5,0.9052735946032445
13,3,5.5,5,5,0.9018913790970701
13,3,6.0,2,2,0.8554255284600307
13,3,6.0,2,3,0.8929929493495636
13,3,6.0,2,4,0.914793174054391
13,3,6.0,2,5,0.9290425073351708
13,3,6.0,3,3,0.882952911629189
13,3,6.0,3,4,0.9043534112164004
13,3,6.0,3,5,0.9183433950298198
13,3,6.0,4,4,0.8990091778271764
13,3,6.0,4,5,0.9128659564362731
13,3,6.0,5,5,0.9095372215260333
2,3.5,3,2,2,0.16230044061427948
2,3.5,3,2,3,0.1681258860014544
2,3.5,3,2,4,0.1715262134550416
2,3.5,3,2,5,0.17375613415945226
2,3.5,3,3,3,0.16587210165793603
2,3.5,3,3,4,0.169171626112646
2,3.5,3,3,5,0.17133601220275396
2,3.5,3,4,4,0.16794264716431745
2,3.5,3,4,5,0.1700726286424481
2,3.5,3,5,5,0.16929656470411933
2,3.5,3.5,2,2,0.16285356671348425
2,3.5,3.5,2,3,0.16895537811021236
2,3.5,3.5,2,4,0.17251290150786935
2,3.5,3.5,2,5,0.1748443749787162
2,3.5,3.5,3,3,0.1666289888747227
2,3.5,3.5,3,4,0.17008613500629488
2,3.5,3.5,3,5,0.17235237815778742
2,3.5,3.5,4,4,0.16882656274588712
2,3.5,3.5,4,5,0.17105876161300762
2,3.5,3.5,5,5,0.17026658587120336
2,3.5,4.0,2,2,0.1585319928606423
2,3.5,4.0,2,3,0.16468559766278906
2,3.5,4.0,2,4,0.16826977771303056
2,3.5,4.0,2,5,0.17061740662319647
2,3.5,4.0,3,3,0.16233466327868076
2,3.5,4.0,3,4,0.16582143037269056
2,3.5,4.0,3,5,0.1681057683637519
2,3.5,4.0,4,4,0.1645573081689633
2,3.5,4.0,4,5,0.16680879504093957
2,3.5,4.0,5,5,0.1660168529025109
2,3.5,4.5,2,2,0.15578289906082143
2,3.5,4.5,2,3,0.16201299424651733
2,3.5,4.5,2,4,0.1656386112026975
2,3.5,4.5,2,5,0.1680122287366133
2,3.5,4.5,3,3,0.15968647403025857
2,3.5,4.5,3,4,0.16321802806433117
2,3.5,4.5,3,5,0.16553054447733845
2,3.5,4.5,4,4,0.16197292861405022
2,3.5,4.5,4,5,0.16425385925175273
2,3.5,4.5,5,5,0.16347591210913692
2,3.5,5.0,2,2,0.15416901005124986
2,3.5,5.0,2,3,0.16049493531362788
2,3.5,5.0,2,4,0.16417353207914176
2,3.5,5.0,2,5,0.16658080588543725
2,3.5,5.0,3,3,0.1582127148217151
2,3.5,5.0,3,4,0.16180055947467237
2,3.5,5.0,3,5,0.1641488947883004
2,3.5,5.0,4,4,0.16058339770826913
2,3.5,5.0,4,5,0.16290136100409605
2,3.5,5.0,5,5,0.16214235626829557
2,3.5,5.5,2,2,0.1533732156180426
2,3.5,5.5,2,3,0.1598091247956149
2,3.5,5.5,2,4,0.16354914930303158
2,3.5,5.5,2,5,0.16599569117299312
2,3.5,5.5,3,3,0.15757830149999688
2,3.5,5.5,3,4,0.16123069439737459
2,3.5,5.5,3,5,0.16362033480092222
2,3.5,5.5,4,4,0.1600441294278039
2,3.5,5.5,4,5,0.16240452153393972
2,3.5,5.5,5,5,0.16166571466294308
2,3.5,6.0,2,2,0.15317160767890242
2,3.5,6.0,2,3,0.15972749110920606
2,3.5,6.0,2,4,0.1635349180899459
2,3.5,6.0,2,5,0.16602470132509634
2,3.5,6.0,3,3,0.15754944862996922
2,3.5,6.0,3,4,0.16127213265616303
2,3.5,6.0,3,5,0.16370689899670085
2,3.5,6.0,4,4,0.16011613444963735
2,3.5,6.0,4,5,0.16252268010327572
2,3.5,6.0,5,5,0.16180377977539112
3,3.5,3,2,2,0.239348120792872
3,3.5,3,2,3,0.2479350114669347
3,3.5,3,2,4,0.25294726358066744
3,3.5,3,2,5,0.256234300981611
3,3.5,3,3,3,0.2446077194071714
3,3.5,3,3,4,0.24947145338022536
3,3.5,3,3,5,0.2526619332343092
3,3.5,3,4,4,0.24765723125996922
3,3.5,3,4,5,0.25079701949974237
3,3.5,3,5,5,0.24965144416582888
3,3.5,3.5,2,2,0.2401533053144699
3,3.5,3.5,2,3,0.24914795069101353
3,3.5,3.5,2,4,0.2543921306545005
3,3.5,3.5,2,5,0.25782899893026046
3,3.5,3.5,3,3,0.24571426481109876
3,3.5,3.5,3,4,0.2508105404063852
3,3.5,3.5,3,5,0.25415129094337247
3,3.5,3.5,4,4,0.24895155906337388
3,3.5,3.5,4,5,0.2522421445552243
3,3.5,3.5,5,5,0.2510730290498031
3,3.5,4.0,2,2,0.23377294460786177
3,3.5,4.0,2,3,0.24284422101974884
3,3.5,4.0,2,4,0.24812785281034574
3,3.5,4.0,2,5,0.2515886360473003
3,3.5,4.0,3,3,0.23937494113068802
3,3.5,4.0,3,4,0.24451502583542628
3,3.5,4.0,3,5,0.2478825423710744
3,3.5,4.0,4,4,0.24264964863119312
3,3.5,4.0,4,5,0.24596875489198852
3,3.5,4.0,5,5,0.24480017606446014
3,3.5,4.5,2,2,0.22971348799102292
3,3.5,4.5,2,3,0.23889773918034116
3,3.5,4.5,2,4,0.24424257560297302
3,3.5,4.5,2,5,0.24774174667434956
3,3.5,4.5,3,3,0.23546490691854366
3,3.5,4.5,3,4,0.24067112529012366
3,3.5,4.5,3,5,0.2440802518153444
3,3.5,4.5,4,4,0.23883403003094147
3,3.5,4.5,4,5,0.24219660851530211
3,3.5,4.5,5,5,0.24104880759408712
3,3.5,5.0,2,2,0.22732934921590645
3,3.5,5.0,2,3,0.23665504279637142
3,3.5,5.0,2,4,0.24207807636250492
3,3.5,5.0,2,5,0.24562692355874385
3,3.5,5.0,3,3,0.23328787540419726
3,3.5,5.0,3,4,0.23857716431842713
3,3.5,5.0,3,5,0.24203915045764435
3,3.5,5.0,4,4,0.23678144091711073
3,3.5,5.0,4,5,0.2401986659328941
3,3.5,5.0,5,5,0.23907890377711097
3,3.5,5.5,2,2,0.22615246687512522
3,3.5,5.5,2,3,0.23564043863319975
3,3.5,5.5,2,4,0.24115410665833767
3,3.5,5.5,2,5,0.2447608922770679
3,3.5,5.5,3,3,0.23234932755417864
3,3.5,5.5,3,4,0.23773384533633504
3,3.5,5.5,3,5,0.2412567692123158
3,3.5,5.5,4,4,0.23598337592330712
3,3.5,5.5,4,5,0.23946319337699232
3,3.5,5.5,5,5,0.238373297342633
3,3.5,6.0,2,2,0.22585239269906135
3,3.5,6.0,2,3,0.23551734891735332
3,3.5,6.0,2,4,0.24113044739781453
3,3.5,6.0,2,5,0.24480102126634826
3,3.5,6.0,3,3,0.23230428078030446
3,3.5,6.0,3,4,0.23779248277458373
3,3.5,6.0,3,5,0.24138197018475618
3,3.5,6.0,4,4,0.23608719517057677
3,3.5,6.0,4,5,0.23963508954789725
3,3.5,6.0,5,5,0.23857461299543453
4,3.5,3,2,2,0.317118949816306
4,3.5,3,2,3,0.3284932755615398
4,3.5,3,2,4,0.33513262210082667
4,3.5,3,2,5,0.33948672426693877
4,3.5,3,3,3,0.3240824638735183
4,3.5,3,3,4,0.33052512681034535
4,3.5,3,3,5,0.3347513557512286
4,3.5,3,4,4,0.32812020090040184
4,3.5,3,4,5,0.33227929754234337
4,3.5,3,5,5,0.33076076214655625
4,3.5,3.5,2,2,0.3181787456081958
4,3.5,3.5,2,3,0.3300934444216334
4,3.5,3.5,2,4,0.33704015016719163
4,3.5,3.5,2,5,0.3415928131880543
4,3.5,3.5,3,3,0.3255421207125411
4,3.5,3.5,3,4,0.3322929466912288
4,3.5,3.5,3,5,0.3367183132441199
4,3.5,3.5,4,4,0.3298289563018908
4,3.5,3.5,4,5,0.33418788501501584
4,3.5,3.5,5,5,0.33263830742490574
4,3.5,4.0,2,2,0.30972040333367196
4,3.5,4.0,2,3,0.3217367994282651
4,3.5,4.0,2,4,0.3287358697383946
4,3.5,4.0,2,5,0.3333202784510107
4,3.5,4.0,3,3,0.3171387183887128
4,3.5,4.0,3,4,0.3239476725196664
4,3.5,4.0,3,5,0.3284085561593589
4,3.5,4.0,4,4,0.3214754174307945
4,3.5,4.0,4,5,0.3258721849643106
4,3.5,4.0,5,5,0.3243234465492293
4,3.5,4.5,2,2,0.30433837928389607
4,3.5,4.5,2,3,0.3165045738797113
4,3.5,4.5,2,4,0.3235848003473007
4,3.5,4.5,2,5,0.3282201113719274
4,3.5,4.5,3,3,0.3119550789727737
4,3.5,4.5,3,4,0.3188517123215671
4,3.5,4.5,3,5,0.3233677626045869
4,3.5,4.5,4,4,0.31641708120579504
4,3.5,4.5,4,5,0.3208714801775406
4,3.5,4.5,5,5,0.31935036376728504
4,3.5,5.0,2,2,0.3011768340405473
4,3.5,5.0,2,3,0.31353050930034754
4,3.5,5.0,2,4,0.3207143857345567
4,3.5,5.0,2,5,0.32541554233398834
4,3.5,5.0,3,3,0.3090682389772133
4,3.5,5.0,3,4,0.31607497311172283
4,3.5,5.0,3,5,0.3206610830052131
4,3.5,5.0,4,4,0.3136952710695023
4,3.5,5.0,4,5,0.3182220951631843
4,3.5,5.0,5,5,0.3167381974063246
4,3.5,5.5,2,2,0.2996153455545392
4,3.5,5.5,2,3,0.3121840825962838
4,3.5,5.5,2,4,0.31948807351653197
4,3.5,5.5,2,5,0.32426601361451923
4,3.5,5.5,3,3,0.3078227545332031
4,3.5,5.5,3,4,0.3149556854368262
4,3.5,5.5,3,5,0.31962254954788405
4,3.5,5.5,4,4,0.3126360297959209
4,3.5,5.5,4,5,0.31724579881705567
4,3.5,5.5,5,5,0.3158015247645257
4,3.5,6.0,2,2,0.29921592978989914
4,3.5,6.0,2,3,0.31201919558270774
4,3.5,6.0,2,4,0.31945494499995786
4,3.5,6.0,2,5,0.32431741273568404
4,3.5,6.0,3,3,0.30776140603624474
4,3.5,6.0,3,4,0.31503172721868694
4,3.5,6.0,3,5,0.31978679339492716
4,3.5,6.0,4,4,0.3127720037553112
4,3.5,6.0,4,5,0.31747197860608367
4,3.5,6.0,5,5,0.3160667251456239
5,3.5,3,2,2,0.3951700450531544
5,3.5,3,2,3,0.4093418718826009
5,3.5,3,2,4,0.4176141883026216
5,3.5,3,2,5,0.4230392082949112
5,3.5,3,3,3,0.4038436543669035
5,3.5,3,3,4,0.41187094742801716
5,3.5,3,3,5,0.417136665206853
5,3.5,3,4,4,0.40887319837889474
5,3.5,3,4,5,0.41405528368918326
5,3.5,3,5,5,0.4121624498397974
5,3.5,3.5,2,2,0.3964854240523765
5,3.5,3.5,2,3,0.4113307192286655
5,3.5,3.5,2,4,0.4199860974811418
5,3.5,3.5,2,5,0.42565858355702757
5,3.5,3.5,3,3,0.4056577450166281
5,3.5,3.5,3,4,0.4140690945681982
5,3.5,3.5,3,5,0.419582992677825
5,3.5,3.5,4,4,0.41099792237669497
5,3.5,3.5,4,5,0.41642905099736227
5,3.5,3.5,5,5,0.41449764475357337
5,3.5,4.0,2,2,0.3859416490651655
5,3.5,4.0,2,3,0.4009137967969272
5,3.5,4.0,2,4,0.40963449815309916
5,3.5,4.0,2,5,0.41534658840188543
5,3.5,4.0,3,3,0.3951828585790348
5,3.5,4.0,3,4,0.4036667062700417
5,3.5,4.0,3,5,0.4092249036692966
5,3.5,4.0,4,4,0.40058539218059847
5,3.5,4.0,4,5,0.40606371085619536
5,3.5,4.0,5,5,0.4041334463804984
5,3.5,4.5,2,2,0.37923231876064856
5,3.5,4.5,2,3,0.3943912205218186
5,3.5,4.5,2,4,0.40321310095817053
5,3.5,4.5,2,5,0.4089886527741379
5,3.5,4.5,3,3,0.3887210483916331
5,3.5,4.5,3,4,0.39731419805247226
5,3.5,4.5,3,5,0.4029411673196671
5,3.5,4.5,4,4,0.3942798824482686
5,3.5,4.5,4,5,0.3998300425389033
5,3.5,4.5,5,5,0.39793426811165794
5,3.5,5.0,2,2,0.37529058661588377
5,3.5,5.0,2,3,0.39068317260193214
5,3.5,5.0,2,4,0.39963424720727225
5,3.5,5.0,2,5,0.4054918720979941
5,3.5,5.0,3,3,0.38512186073355303
5,3.5,5.0,3,4,0.3938522385346098
5,3.5,5.0,3,5,0.39956652920273666
5,3.5,5.0,4,4,0.39088645719030063
5,3.5,5.0,4,5,0.39652688488829085
5,3.5,5.0,5,5,0.3946775415474384
5,3.5,5.5,2,2,0.3733431230029288
5,3.5,5.5,2,3,0.38900374416544453
5,3.5,5.5,2,4,0.39810451928557633
5,3.5,5.5,2,5,0.4040578405135911
5,3.5,5.5,3,3,0.3835683488451746
5,3.5,5.5,3,4,0.3924560027190158
5,3.5,5.5,3,5,0.39827093537350283
5,3.5,5.5,4,4,0.38956511281461936
5,3.5,5.5,4,5,0.39530891116210215
5,3.5,5.5,5,5,0.3935089838600757
5,3.5,6.0,2,2,0.3728440218602518
5,3.5,6.0,2,3,0.38879692314995673
5,3.5,6.0,2,4,0.3980619011523265
5,3.5,6.0,2,5,0.4041205640456272
5,3.5,6.0,3,3,0.3834906527376867
5,3.5,6.0,3,4,0.39254952429890744
5,3.5,6.0,3,5,0.39847437544989833
5,3.5,6.0,4,4,0.38973336955886534
5,3.5,6.0,4,5,0.39558958232015357
5,3.5,6.0,5,5,0.39383831099609296
6,3.5,3,2,2,0.47335936246853777
6,3.5,3,2,3,0.49033365275416996
6,3.5,3,2,4,0.5002418355851042
6,3.5,3,2,5,0.5067396729289853
6,3.5,3,3,3,0.4837461110263259
6,3.5,3,3,4,0.4933608448523943
6,3.5,3,3,5,0.4996678951563126
6,3.5,3,4,4,0.48976922653640687
6,3.5,3,4,5,0.49597611488813714
6,3.5,3,5,5,0.4937083219707547
6,3.5,3.5,2,2,0.4749307987865119
6,3.5,3.5,2,3,0.4927118880011818
6,3.5,3.5,2,4,0.5030789691312822
6,3.5,3.5,2,5,0.509873264252473
6,3.5,3.5,3,3,0.4859152828668591
6,3.5,3.5,3,4,0.49599010083969647
6,3.5,3.5,3,5,0.5025944609201031
6,3.5,3.5,4,4,0.49231067455815275
6,3.5,3.5,4,5,0.49881590449482033
6,3.5,3.5,5,5,0.4965019951965502
6,3.5,4.0,2,2,0.46229791272719645
6,3.5,4.0,2,3,0.48023105380523184
6,3.5,4.0,2,4,0.49067643923762033
6,3.5,4.0,2,5,0.4975182107443646
6,3.5,4.0,3,3,0.4733652569092466
6,3.5,4.0,3,4,0.48352696819716157
6,3.5,4.0,3,5,0.4901844251560407
6,3.5,4.0,4,4,0.4798355188527303
6,3.5,4.0,4,5,0.4863973064825197
6,3.5,4.0,5,5,0.48408484168841837
6,3.5,4.5,2,2,0.45425893643899556
6,3.5,4.5,2,3,0.472415852165138
6,3.5,4.5,2,4,0.4829824748609097
6,3.5,4.5,2,5,0.4899002893045572
6,3.5,4.5,3,3,0.46562302197505717
6,3.5,4.5,3,4,0.47591569610179385
6,3.5,4.5,3,5,0.48265555413491823
6,3.5,4.5,4,4,0.472280635889043
6,3.5,4.5,4,5,0.4789284999711473
6,3.5,4.5,5,5,0.4766574051475918
6,3.5,5.0,2,2,0.4495356441048408
6,3.5,5.0,2,3,0.4679725291939787
6,3.5,5.0,2,4,0.47869393536113386
6,3.5,5.0,2,5,0.48571007903000074
6,3.5,5.0,3,3,0.4613102325742559
6,3.5,5.0,3,4,0.47176731011814704
6,3.5,5.0,3,5,0.47861178183671843
6,3.5,5.0,4,4,0.46821441309507267
6,3.5,5.0,4,5,0.47497041879860585
6,3.5,5.0,5,5,0.4727549835966648
6,3.5,5.5,2,2,0.44720152857323686
6,3.5,5.5,2,3,0.4659595158758261
6,3.5,5.5,2,4,0.4768602608875126
6,3.5,5.5,2,5,0.4839910471662194
6,3.5,5.5,3,3,0.4594481537894636
6,3.5,5.5,3,4,0.4700936416705966
6,3.5,5.5,3,5,0.477058678314368
6,3.5,5.5,4,4,0.4666305071455823
6,3.5,5.5,4,5,0.473510345348446
6,3.5,5.5,5,5,0.47135413569828283
6,3.5,6.0,2,2,0.44660257113864116
6,3.5,6.0,2,3,0.46571069210322624
6,3.5,6.0,2,4,0.47680814177620456
6,3.5,6.0,2,5,0.48406512056827816
6,3.5,6.0,3,3,0.45935408620750806
6,3.5,6.0,3,4,0.4702046790403635
6,3.5,6.0,3,5,0.4773013890386419
6,3.5,6.0,4,4,0.46683110866861277
6,3.5,6.0,4,5,0.473845609171905
6,3.5,6.0,5,5,0.4717477078208903
7,3.5,3,2,2,0.5516270806288349
7,3.5,3,2,3,0.5714066483077079
7,3.5,3,2,4,0.5829523400528979
7,3.5,3,2,5,0.5905240718956989
7,3.5,3,3,3,0.5637286935671557
7,3.5,3,3,4,0.5749324619706287
7,3.5,3,3,5,0.582281890291709
7,3.5,3,4,4,0.5707463806722649
7,3.5,3,4,5,0.5779791009390581
7,3.5,3,5,5,0.5753359740409537
7,3.5,3.5,2,2,0.5534548411975504
7,3.5,3.5,2,3,0.5741746718909816
7,3.5,3.5,2,4,0.5862551743383356
7,3.5,3.5,2,5,0.5941724047090446
7,3.5,3.5,3,3,0.5662533119760899
7,3.5,3.5,3,4,0.5779932683244295
7,3.5,3.5,3,5,0.585689185071526
7,3.5,3.5,4,4,0.5737049794669478
7,3.5,3.5,4,5,0.5812853889710273
7,3.5,3.5,5,5,0.5785885939276009
7,3.5,4.0,2,2,0.5387307563053206
7,3.5,4.0,2,3,0.559627863194018
7,3.5,4.0,2,4,0.5717996640217604
7,3.5,4.0,2,5,0.5797722507965128
7,3.5,4.0,3,3,0.5516260719190016
7,3.5,4.0,3,4,0.5634673310692944
7,3.5,4.0,3,5,0.5712251510262402
7,3.5,4.0,4,4,0.5591651357935582
7,3.5,4.0,4,5,0.5668114799477912
7,3.5,4.0,5,5,0.5641164322620748
7,3.5,4.5,2,2,0.5293608059202972
7,3.5,4.5,2,3,0.5505187450286511
7,3.5,4.5,2,4,0.5628318613214309
7,3.5,4.5,2,5,0.5708930849581388
7,3.5,4.5,3,3,0.5426021328819006
7,3.5,4.5,3,4,0.5545960373765405
7,3.5,4.5,3,5,0.5624499012270263
7,3.5,4.5,4,4,0.5503596310736418
7,3.5,4.5,4,5,0.5581063009416379
7,3.5,4.5,5,5,0.55545950991242
7,3.5,5.0,2,2,0.5238551736846359
7,3.5,5.0,2,3,0.545339413588146
7,3.5,5.0,2,4,0.5578329282485208
7,3.5,5.0,2,5,0.5660087535197951
7,3.5,5.0,3,3,0.5375750297279805
7,3.5,5.0,3,4,0.5497605401096529
7,3.5,5.0,3,5,0.5577363272335479
7,3.5,5.0,4,4,0.5456199394260671
7,3.5,5.0,4,5,0.5534926428192724
7,3.5,5.0,5,5,0.5509107490998177
7,3.5,5.5,2,2,0.5211340217304631
7,3.5,5.5,2,3,0.5429924840149005
7,3.5,5.5,2,4,0.5556950055237417
7,3.5,5.5,2,5,0.5640044386468459
7,3.5,5.5,3,3,0.5354040775077533
7,3.5,5.5,3,4,0.547809163672586
7,3.5,5.5,3,5,0.5559254586138551
7,3.5,5.5,4,4,0.5437732113286363
7,3.5,5.5,4,5,0.5517902295671278
7,3.5,5.5,5,5,0.5492773806712141
7,3.5,6.0,2,2,0.5204351105413784
7,3.5,6.0,2,3,0.5427016179784626
7,3.5,6.0,2,4,0.5556333784877062
7,3.5,6.0,2,5,0.5640898758608045
7,3.5,6.0,3,3,0.5352936244461455
7,3.5,6.0,3,4,0.5479377367823288
7,3.5,6.0,3,5,0.5562074817349846
7,3.5,6.0,4,4,0.5440061923488203
7,3.5,6.0,4,5,0.5521801430695469
7,3.5,6.0,5,5,0.549735264411649
8,3.5,3,2,2,0.6299435774794242
8,3.5,3,2,3,0.6525301729628691
8,3.5,3,2,4,0.6657143953478798
8,3.5,3,2,5,0.6743606917352312
8,3.5,3,3,3,0.6437611274870035
8,3.5,3,3,4,0.6565549219110868
8,3.5,3,3,5,0.6649473786074478
8,3.5,3,4,4,0.6517740080843685
8,3.5,3,4,5,0.6600332002886583
8,3.5,3,5,5,0.657014506057587
8,3.5,3.5,2,2,0.6320278274893003
8,3.5,3.5,2,3,0.6556882331512901
8,3.5,3.5,2,4,0.6694832258960799
8,3.5,3.5,2,5,0.6785240920896316
8,3.5,3.5,3,3,0.6466414189787807
8,3.5,3.5,3,4,0.6600475525271308
8,3.5,3.5,3,5,0.6688357069173277
8,3.5,3.5,4,4,0.6551500223882581
8,3.5,3.5,4,5,0.6638062822083743
8,3.5,3.5,5,5,0.6607263632469531
8,3.5,4.0,2,2,0.615211244209963
8,3.5,4.0,2,3,0.6390741659896899
8,3.5,4.0,2,4,0.6529734592181792
8,3.5,4.0,2,5,0.6620775666984986
8,3.5,4.0,3,3,0.6299356735413784
8,3.5,4.0,3,4,0.6434575282933047
8,3.5,4.0,3,5,0.6523163976709853
8,3.5,4.0,4,4,0.638544207044535
8,3.5,4.0,4,5,0.6472757842762006
8,3.5,4.0,5,5,0.6441979156153494
8,3.5,4.5,2,2,0.604509492967963
8,3.5,4.5,2,3,0.6286703275445408
8,3.5,4.5,2,4,0.6427310269028581
8,3.5,4.5,2,5,0.6519363729870076
8,3.5,4.5,3,3,0.6196292340285207
8,3.5,4.5,3,4,0.6333254300992136
8,3.5,4.5,3,5,0.6422939946639866
8,3.5,4.5,4,4,0.6284873034044111
8,3.5,4.5,4,5,0.6373334644654628
8,3.5,4.5,5,5,0.63431074336707
8,3.5,5.0,2,2,0.5982210353716453
8,3.5,5.0,2,3,0.622754530988545
8,3.5,5.0,2,4,0.6370212595400134
8,3.5,5.0,2,5,0.646357489787486
8,3.5,5.0,3,3,0.61388737382282
8,3.5,5.0,3,4,0.627802395173938
8,3.5,5.0,3,5,0.6369102033689152
8,3.5,5.0,4,4,0.6230737249417709
8,3.5,5.0,4,5,0.6320638225651275
8,3.5,5.0,5,5,0.6291152421680968
8,3.5,5.5,2,2,0.5951126074898165
8,3.5,5.5,2,3,0.6200734787183477
8,3.5,5.5,2,4,0.634578900588557
8,3.5,5.5,2,5,0.6440677157345125
8,3.5,5.5,3,3,0.6114073571984635
8,3.5,5.5,3,4,0.6255731391820888
8,3.5,5.5,3,5,0.6348414105030615
8,3.5,5.5,4,4,0.6209640123400857
8,3.5,5.5,4,5,0.6301189199086237
8,3.5,5.5,5,5,0.6272492096852766
8,3.5,6.0,2,2,0.5943136816761618
8,3.5,6.0,2,3,0.6197405456111644
8,3.5,6.0,2,4,0.6345077610814179
8,3.5,6.0,2,5,0.6441645252119071
8,3.5,6.0,3,3,0.611280509733929
8,3.5,6.0,3,4,0.6257192602366494
8,3.5,6.0,3,5,0.6351627717897542
8,3.5,6.0,4,4,0.6212293942594226
8,3.5,6.0,4,5,0.6305635183645472
8,3.5,6.0,5,5,0.6277714463071995
9,3.5,3,2,2,0.7082924955613601
9,3.5,3,2,3,0.7336872821075545
9,3.5,3,2,4,0.7485107141357517
9,3.5,3,2,5,0.7582320203577189
9,3.5,3,3,3,0.7238266952902543
9,3.5,3,3,4,0.738211174616726
9,3.5,3,3,5,0.7476470918966532
9,3.5,3,4,4,0.7328351825626636
9,3.5,3,4,5,0.7421212720449706
9,3.5,3,5,5,0.7387268553349029
9,3.5,3.5,2,2,0.7106333443640959
9,3.5,3.5,2,3,0.7372355434799427
9,3.5,3.5,2,4,0.7527457369384086
9,3.5,3.5,2,5,0.7629107045383707
9,3.5,3.5,3,3,0.7270628100131288
9,3.5,3.5,3,4,0.7421358111397013
9,3.5,3.5,3,5,0.7520166557346529
9,3.5,3.5,4,4,0.7366287879476683
9,3.5,3.5,4,5,0.746361343849128
9,3.5,3.5,5,5,0.7428981426289585
9,3.5,4.0,2,2,0.6917233986313872
9,3.5,4.0,2,3,0.7185533641604736
9,3.5,4.0,2,4,0.7341808655459668
9,3.5,4.0,2,5,0.7444169625522882
9,3.5,4.0,3,3,0.7082777006642534
9,3.5,4.0,3,4,0.7234808473266896
9,3.5,4.0,3,5,0.7334412223100762
9,3.5,4.0,4,4,0.7179561474581779
9,3.5,4.0,4,5,0.7277734073937846
9,3.5,4.0,5,5,0.7243125594845055
9,3.5,4.5,2,2,0.6796892967948809
9,3.5,4.5,2,3,0.7068542709962858
9,3.5,4.5,2,4,0.7226632774642372
9,3.5,4.5,2,5,0.7330132200144277
9,3.5,4.5,3,3,0.6966882311613988
9,3.5,4.5,3,4,0.7120874240728249
9,3.5,4.5,3,5,0.7221711511716667
9,3.5,4.5,4,4,0.7066473281641907
9,3.5,4.5,4,5,0.7165934359320086
9,3.5,4.5,5,5,0.7131946293018856
9,3.5,5.0,2,2,0.6726176910002583
9,3.5,5.0,2,3,0.7002017056430883
9,3.5,5.0,2,4,0.7162423827202172
9,3.5,5.0,2,5,0.7267394986902016
9,3.5,5.0,3,3,0.6902313191078213
9,3.5,5.0,3,4,0.7058765679439675
9,3.5,5.0,3,5,0.7161168661889448
9,3.5,5.0,4,4,0.7005595849407058
9,3.5,5.0,4,5,0.7106675397092161
9,3.5,5.0,5,5,0.7073521209672743
9,3.5,5.5,2,2,0.6691218278623556
9,3.5,5.5,2,3,0.6971863933268163
9,3.5,5.5,2,4,0.71349546246868
9,3.5,5.5,2,5,0.7241641482311494
9,3.5,5.5,3,3,0.6874421110255466
9,3.5,5.5,3,4,0.7033693182418019
9,3.5,5.5,3,5,0.7137900431751636
9,3.5,5.5,4,4,0.6981867798056863
9,3.5,5.5,4,5,0.7084800480971546
9,3.5,5.5,5,5,0.7052533289224863
9,3.5,6.0,2,2,0.6682228468502829
9,3.5,6.0,2,3,0.6968113765471935
9,3.5,6.0,2,4,0.7134148073563269
9,3.5,6.0,2,5,0.7242723354778916
9,3.5,6.0,3,3,0.6872988631222441
9,3.5,6.0,3,4,0.7035329952493384
9,3.5,6.0,3,5,0.7141507596516109
9,3.5,6.0,4,4,0.6984845767496841
9,3.5,6.0,4,5,0.7089793548532275
9,3.5,6.0,5,5,0.7058399457559019
10,3.5,3,2,2,0.7866640603181029
10,3.5,3,2,3,0.8148678503862671
10,3.5,3,2,4,0.8313309662982599
10,3.5,3,2,5,0.8421275933621114
10,3.5,3,3,3,0.8039154073906019
10,3.5,3,3,4,0.8198910318080311
10,3.5,3,3,5,0.8303707115430415
10,3.5,3,4,4,0.8139197898607308
10,3.5,3,4,5,0.8242330736963805
10,3.5,3,5,5,0.8204628261105175
10,3.5,3.5,2,2,0.789261584055488
10,3.5,3.5,2,3,0.8188064276658579
10,3.5,3.5,2,4,0.8360323180234109
10,3.5,3.5,2,5,0.8473217122139854
10,3.5,3.5,3,3,0.8075074500034959
10,3.5,3.5,3,4,0.8242478008997454
10,3.5,3.5,3,5,0.8352216517894187
10,3.5,3.5,4,4,0.8181311087549483
10,3.5,3.5,4,5,0.8289402720813805
10,3.5,3.5,5,5,0.8250936779791578
10,3.5,4.0,2,2,0.7682576721411073
10,3.5,4.0,2,3,0.7980555397117137
10,3.5,4.0,2,4,0.815411749172922
10,3.5,4.0,2,5,0.8267801631525481
10,3.5,4.0,3,3,0.7866423769008247
10,3.5,4.0,3,4,0.8035273018107995
10,3.5,4.0,3,5,0.8145895010227334
10,3.5,4.0,4,4,0.7973910468190295
10,3.5,4.0,4,5,0.8082943035010505
10,3.5,4.0,5,5,0.804450365771599
10,3.5,4.5,2,2,0.7548908355891294
10,3.5,4.5,2,3,0.7850608183975862
10,3.5,4.5,2,4,0.8026186376853134
10,3.5,4.5,2,5,0.8141135077812058
10,3.5,4.5,3,3,0.7737695074274517
10,3.5,4.5,3,4,0.790872189774398
10,3.5,4.5,3,5,0.8020714019674307
10,3.5,4.5,4,4,0.7848299508253395
10,3.5,4.5,4,5,0.7958763234558212
10,3.5,4.5,5,5,0.7921013226887695
10,3.5,5.0,2,2,0.747035855995642
10,3.5,5.0,2,3,0.77767127203003
10,3.5,5.0,2,4,0.7954864107420626
10,3.5,5.0,2,5,0.807144748214672
10,3.5,5.0,3,3,0.7665973375233338
10,3.5,5.0,3,4,0.7839733142994589
10,3.5,5.0,3,5,0.795346430156148
10,3.5,5.0,4,4,0.7780678486137793
10,3.5,5.0,4,5,0.7892939838539894
10,3.5,5.0,5,5,0.785611620815361
10,3.5,5.5,2,2,0.7431524462327452
10,3.5,5.5,2,3,0.77432160365354
10,3.5,5.5,2,4,0.7924348417521726
10,3.5,5.5,2,5,0.8042837393934236
10,3.5,5.5,3,3,0.7634988491663867
10,3.5,5.5,3,4,0.7811879910807732
10,3.5,5.5,3,5,0.792761502954088
10,3.5,5.5,4,4,0.7754318754215529
10,3.5,5.5,4,5,0.7868638336850645
10,3.5,5.5,5,5,0.7832800024334732
10,3.5,6.0,2,2,0.7421533816176386
10,3.5,6.0,2,3,0.773904491542959
10,3.5,6.0,2,4,0.7923446687841323
10,3.5,6.0,2,5,0.8044033081945854
10,3.5,6.0,3,3,0.7633391965509773
10,3.5,6.0,3,4,0.7813692295784279
10,3.5,6.0,3,5,0.7931615864556459
10,3.5,6.0,4,4,0.775762097202866
10,3.5,6.0,4,5,0.7874178649952235
10,3.5,6.0,5,5,0.7839310185162456
11,3.5,3,2,2,0.8650520696054382
11,3.5,3,2,3,0.8960654530963803
11,3.5,3,2,4,0.9141685972239408
11,3.5,3,2,5,0.9260407709430931
11,3.5,3,3,3,0.8840209252603138
11,3.5,3,3,4,0.9015880288987731
11,3.5,3,3,5,0.9131116902695973
11,3.5,3,4,4,0.8950214123813459
11,3.5,3,4,5,0.9063621062690408
11,3.5,3,5,5,0.902215949082029
11,3.5,3.5,2,2,0.8679063234258337
11,3.5,3.5,2,3,0.9003944294493295
11,3.5,3.5,2,4,0.9193363769741867
11,3.5,3.5,2,5,0.9317504338638841
11,3.5,3.5,3,3,0.8879689716305821
11,3.5,3.5,3,4,0.9063770224048427
11,3.5,3.5,3,5,0.918444109095278
11,3.5,3.5,4,4,0.8996505335609984
11,3.5,3.5,4,5,0.9115365303724743
11,3.5,3.5,5,5,0.9073064630491351
11,3.5,4.0,2,2,0.8448080068449924
11,3.5,4.0,2,3,0.8775743996446667
11,3.5,4.0,2,4,0.8966596801626208
11,3.5,4.0,2,5,0.909160648868662
11,3.5,4.0,3,3,0.8650234991225593
11,3.5,4.0,3,4,0.8835905554003772
11,3.5,4.0,3,5,0.8957548101871604
11,3.5,4.0,4,4,0.8768426171047358
11,3.5,4.0,4,5,0.8888320985540185
11,3.5,4.0,5,5,0.8846049907053213
11,3.5,4.5,2,2,0.8301081565831709
11,3.5,4.5,2,3,0.8632837789509771
11,3.5,4.5,2,4,0.8825907782461454
11,3.5,4.5,2,5,0.8952308162792788
11,3.5,4.5,3,3,0.8508669609604261
11,3.5,4.5,3,4,0.869673490408264
11,3.5,4.5,3,5,0.8819884219015142
11,3.5,4.5,4,4,0.8630289821850593
11,3.5,4.5,4,5,0.8751758506866291
11,3.5,4.5,5,5,0.8710245769133971
11,3.5,5.0,2,2,0.82146963931968
11,3.5,5.0,2,3,0.8551570974176995
11,3.5,5.0,2,4,0.8747470703259317
11,3.5,5.0,2,5,0.887566873106458
11,3.5,5.0,3,3,0.8429793835715005
11,3.5,5.0,3,4,0.8620864516612231
11,3.5,5.0,3,5,0.8745926229680059
11,3.5,5.0,4,4,0.8555923799046783
11,3.5,5.0,4,5,0.86793693038013
11,3.5,5.0,5,5,0.8638875461036843
11,3.5,5.5,2,2,0.8171986020188705
11,3.5,5.5,2,3,0.8514730032188184
11,3.5,5.5,2,4,0.871390789063204
11,3.5,5.5,2,5,0.8844201463696508
11,3.5,5.5,3,3,0.8395715504073398
11,3.5,5.5,3,4,0.8590229969369234
11,3.5,5.5,3,5,0.8717495377757212
11,3.5,5.5,4,4,0.852693183777528
11,3.5,5.5,4,5,0.8652640710773722
11,3.5,5.5,5,5,0.8613230528609674
11,3.5,6.0,2,2,0.8160994331383242
11,3.5,6.0,2,3,0.85101378727555
11,3.5,6.0,2,4,0.8712910965697572
11,3.5,6.0,2,5,0.8845510994383976
11,3.5,6.0,3,3,0.8393954899435045
11,3.5,6.0,3,4,0.8592218009124556
11,3.5,6.0,3,5,0.8721889968636297
11,3.5,6.0,4,4,0.8530558374898464
11,3.5,6.0,4,5,0.8658728387127556
11,3.5,6.0,5,5,0.8620384819865783
2,4.0,3,2,2,0.1812695411724007
2,4.0,3,2,3,0.18763311148859635
2,4.0,3,2,4,0.19134969919879835
2,4.0,3,2,5,0.193787828947977
2,4.0,3,3,3,0.18448740624444038
2,4.0,3,3,4,0.18807462711964962
2,4.0,3,3,5,0.19042856996506954
2,4.0,3,4,4,0.18637413137422928
2,4.0,3,4,5,0.18868406165797733
2,4.0,3,5,5,0.18761549732252253
2,4.0,3.5,2,2,0.18386861501763488
2,4.0,3.5,2,3,0.19060301986342185
2,4.0,3.5,2,4,0.19453179020080574
2,4.0,3.5,2,5,0.19710747043100924
2,4.0,3.5,3,3,0.18744999750529998
2,4.0,3.5,3,4,0.19125004917309452
2,4.0,3.5,3,5,0.19374201357645382
2,4.0,3.5,4,4,0.18955303757525313
2,4.0,3.5,4,5,0.19200143273129208
2,4.0,3.5,5,5,0.19093767944297055
2,4.0,4.0,2,2,0.18352286605140897
2,4.0,4.0,2,3,0.19048441806150354
2,4.0,4.0,2,4,0.1945418111157605
2,4.0,4.0,2,5,0.19720036711297576
2,4.0,4.0,3,3,0.18736382805523508
2,4.0,4.0,3,4,0.1912954069983918
2,4.0,4.0,3,5,0.19387217061460005
2,4.0,4.0,4,4,0.18962268954014352
2,4.0,4.0,4,5,0.19215705424399143
2,4.0,4.0,5,5,0.1911109369562556
2,4.0,4.5,2,2,0.1782118649970842
2,4.0,4.5,2,3,0.18517600788921376
2,4.0,4.5,2,4,0.18923151160051058
2,4.0,4.5,2,5,0.19188756878473584
2,4.0,4.5,3,3,0.182145239593845
2,4.0,4.5,3,4,0.18608069197366142
2,4.0,4.5,3,5,0.18865872455670937
2,4.0,4.5,4,4,0.18446279745189684
2,4.0,4.5,4,5,0.18700053699443803
2,4.0,4.5,5,5,0.18599104957918935
2,4.0,5.0,2,2,0.17460940856488405
2,4.0,5.0,2,3,0.18161044158431244
2,4.0,5.0,2,4,0.18568440076378712
2,4.0,5.0,2,5,0.18835142552104467
2,4.0,5.0,3,3,0.1786793713659603
2,4.0,5.0,3,4,0.18263858992894227
2,4.0,5.0,3,5,0.18523106037834294
2,4.0,5.0,4,4,0.18107862237281908
2,4.0,5.0,4,5,0.18363270408167118
2,4.0,5.0,5,5,0.18266101045084163
2,4.0,5.5,2,2,0.17224458207902102
2,4.0,5.5,2,3,0.17930820600365172
2,4.0,5.5,2,4,0.18341585204349364
2,4.0,5.5,2,5,0.18610392119781294
2,4.0,5.5,3,3,0.17647475335091037
2,4.0,5.5,3,4,0.18047243525574927
2,4.0,5.5,3,5,0.18308906969418579
2,4.0,5.5,4,4,0.17896792100284747
2,4.0,5.5,4,5,0.1815478589534683
2,4.0,5.5,5,5,0.18061193402060116
2,4.0,6.0,2,2,0.17078572068309555
2,4.0,6.0,2,3,0.17793087221463938
2,4.0,6.0,2,4,0.1820834288228389
2,4.0,6.0,2,5,0.18479996817566427
2,4.0,6.0,3,3,0.1751887725583774
2,4.0,6.0,3,4,0.17923563463026865
2,4.0,6.0,3,5,0.1818835264405338
2,4.0,6.0,4,4,0.17778234301818582
2,4.0,6.0,4,5,0.18039503821062092
2,4.0,6.0,5,5,0.179491930599603
3,4.0,3,2,2,0.267385720657045
3,4.0,3,2,3,0.2767673545289483
3,4.0,3,2,4,0.2822466927504011
3,4.0,3,2,5,0.28584123849153686
3,4.0,3,3,3,0.27212253863352914
3,4.0,3,3,4,0.277411142514484
3,4.0,3,3,5,0.2808815633978185
3,4.0,3,4,4,0.2749003760580222
3,4.0,3,4,5,0.27830590409483963
3,4.0,3,5,5,0.2767282228703788
3,4.0,3.5,2,2,0.27120571615562394
3,4.0,3.5,2,3,0.2811342831594022
3,4.0,3.5,2,4,0.2869265621228774
3,4.0,3.5,2,5,0.29072397561838315
3,4.0,3.5,3,3,0.2764792810416449
3,4.0,3.5,3,4,0.2820817654477954
3,4.0,3.5,3,5,0.28575573856384245
3,4.0,3.5,4,4,0.27957645667920666
3,4.0,3.5,4,5,0.28318618542046975
3,4.0,3.5,5,5,0.28161579649386237
3,4.0,4.0,2,2,0.27068500610891155
3,4.0,4.0,2,3,0.28094860960170787
3,4.0,4.0,2,4,0.2869306022671229
3,4.0,4.0,2,5,0.29085025366707723
3,4.0,4.0,3,3,0.27634197703274976
3,4.0,4.0,3,4,0.28213844608797145
3,4.0,4.0,3,5,0.28593748577818495
3,4.0,4.0,4,4,0.27966924899712203
3,4.0,4.0,4,5,0.28340576619828906
3,4.0,4.0,5,5,0.2818615608399414
3,4.0,4.5,2,2,0.26284321975303365
3,4.0,4.5,2,3,0.2731107474621383
3,4.0,4.5,2,4,0.279090010123905
3,4.0,4.5,2,5,0.28300601174173073
3,4.0,4.5,3,3,0.26863712183614813
3,4.0,4.5,3,4,0.27443934998019287
3,4.0,4.5,3,5,0.27824029044206483
3,4.0,4.5,4,4,0.27205128733490647
3,4.0,4.5,4,5,0.2757928079176568
3,4.0,4.5,5,5,0.2743027974038746
3,4.0,5.0,2,2,0.2575232013920967
3,4.0,5.0,2,3,0.26784519153003605
3,4.0,5.0,2,4,0.27385170272717757
3,4.0,5.0,2,5,0.27778389815508664
3,4.0,5.0,3,3,0.2635190120542842
3,4.0,5.0,3,4,0.26935631347417044
3,4.0,5.0,3,5,0.2731785610496758
3,4.0,5.0,4,4,0.2670538957818025
3,4.0,5.0,4,5,0.2708195295795329
3,4.0,5.0,5,5,0.2693853887034275
3,4.0,5.5,2,2,0.25402978743923943
3,4.0,5.5,2,3,0.2644441119586901
3,4.0,5.5,2,4,0.2705003172799927
3,4.0,5.5,2,5,0.27446355652376564
3,4.0,5.5,3,3,0.2602622208542164
3,4.0,5.5,3,4,0.2661562549264318
3,4.0,5.5,3,5,0.27001414346095076
3,4.0,5.5,4,4,0.26393578686042407
3,4.0,5.5,4,5,0.2677395555334531
3,4.0,5.5,5,5,0.2663582685900763
3,4.0,6.0,2,2,0.25187343364497433
3,4.0,6.0,2,3,0.2624079984319203
3,4.0,6.0,2,4,0.2685304383286782
3,4.0,6.0,2,5,0.27253566512404115
3,4.0,6.0,3,3,0.25836109224315273
3,4.0,6.0,3,4,0.2643276530869706
3,4.0,6.0,3,5,0.2682316368307925
3,4.0,6.0,4,4,0.26218286148262276
3,4.0,6.0,4,5,0.26603493594637834
3,4.0,6.0,5,5,0.2647021294690336
4,4.0,3,2,2,0.35430902974986406
4,4.0,3,2,3,0.36673710550693145
4,4.0,3,2,4,0.3739957676723138
4,4.0,3,2,5,0.37875760153692967
4,4.0,3,3,3,0.36057921216432426
4,4.0,3,3,4,0.36758519565029063
4,4.0,3,3,5,0.37218259134368975
4,4.0,3,4,4,0.364256607344133
4,4.0,3,4,5,0.36876803367782807
4,4.0,3,5,5,0.3666764901586243
4,4.0,3.5,2,2,0.35936163782860525
4,4.0,3.5,2,3,0.3725143969984931
4,4.0,3.5,2,4,0.3801877030878179
4,4.0,3.5,2,5,0.3852183346410869
4,4.0,3.5,3,3,0.36634341042270696
4,4.0,3.5,3,4,0.37376527226594475
4,4.0,3.5,3,5,0.3786323657183437
4,4.0,3.5,4,4,0.37044412791824627
4,4.0,3.5,4,5,0.37522610766261427
4,4.0,3.5,5,5,0.3731443574055658
4,4.0,4.0,2,2,0.3586645183738738
4,4.0,4.0,2,3,0.37226121484179503
4,4.0,4.0,2,4,0.38018589839139516
4,4.0,4.0,2,5,0.3853784990505566
4,4.0,4.0,3,3,0.3661546748171465
4,4.0,4.0,3,4,0.3738335645091854
4,4.0,4.0,3,5,0.3788663696013029
4,4.0,4.0,4,4,0.37056045515527436
4,4.0,4.0,4,5,0.37551042522625616
4,4.0,4.0,5,5,0.37346348316585054
4,4.0,4.5,2,2,0.34826836384879134
4,4.0,4.5,2,3,0.36187032845294276
4,4.0,4.5,2,4,0.3697914323997831
4,4.0,4.5,2,5,0.374979220848065
4,4.0,4.5,3,3,0.3559403761193525
4,4.0,4.5,3,4,0.3636269273745233
4,4.0,4.5,3,5,0.36866227042356814
4,4.0,4.5,4,4,0.36046150578704245
4,4.0,4.5,4,5,0.3654181225722761
4,4.0,4.5,5,5,0.3634431020256801
4,4.0,5.0,2,2,0.3412147950351216
4,4.0,5.0,2,3,0.3548889581717283
4,4.0,5.0,2,4,0.3628461856500152
4,4.0,5.0,2,5,0.368055442826254
4,4.0,5.0,3,3,0.3491546406747964
4,4.0,5.0,3,4,0.35688767795264026
4,4.0,5.0,3,5,0.36195126154476076
4,4.0,5.0,4,4,0.35383587552858276
4,4.0,5.0,4,5,0.35882444926400675
4,4.0,5.0,5,5,0.3569235414517638
4,4.0,5.5,2,2,0.33658230718127435
4,4.0,5.5,2,3,0.35037882675500515
4,4.0,5.5,2,4,0.3584019055624118
4,4.0,5.5,2,5,0.36365229964621215
4,4.0,5.5,3,3,0.3448359005537337
4,4.0,5.5,3,4,0.3526441110657694
4,4.0,5.5,3,5,0.3577549201892959
4,4.0,5.5,4,4,0.34970100020167727
4,4.0,5.5,4,5,0.35474010260320643
4,4.0,5.5,5,5,0.3529092924312139
4,4.0,6.0,2,2,0.33372200255896567
4,4.0,6.0,2,3,0.3476778381975672
4,4.0,6.0,2,4,0.3557886756386653
4,4.0,6.0,2,5,0.36109470145104394
4,4.0,6.0,3,3,0.34231393359810897
4,4.0,6.0,3,4,0.3502182365986406
4,4.0,6.0,3,5,0.35539011803463433
4,4.0,6.0,4,4,0.34737548307113897
4,4.0,6.0,4,5,0.35247858577232194
4,4.0,6.0,5,5,0.35071206471382654
5,4.0,3,2,2,0.44154525925277494
5,4.0,3,2,3,0.45703077043290935
5,4.0,3,2,4,0.4660751770919397
5,4.0,3,2,5,0.47200851099529073
5,4.0,3,3,3,0.44935437689456603
5,4.0,3,3,4,0.4580839370589768
5,4.0,3,3,5,0.4638123740520976
5,4.0,3,4,4,0.4539345952976616
5,4.0,3,4,5,0.4595559103915151
5,4.0,3,5,5,0.4569486623290912
5,4.0,3.5,2,2,0.44783498908878944
5,4.0,3.5,2,3,0.46422357421385246
5,4.0,3.5,2,4,0.4737846943182304
5,4.0,3.5,2,5,0.48005299333085627
5,4.0,3.5,3,3,0.45653116678669287
5,4.0,3.5,3,4,0.4657789706267366
5,4.0,3.5,3,5,0.4718434892224278
5,4.0,3.5,4,4,0.4616390645790669
5,4.0,3.5,4,5,0.4675975248816515
5,4.0,3.5,5,5,0.46500257902559744
5,4.0,4.0,2,2,0.4469608807036214
5,4.0,4.0,2,3,0.4639026960669522
5,4.0,4.0,2,4,0.4737770794386906
5,4.0,4.0,2,5,0.480247221833309
5,4.0,4.0,3,3,0.4562908673038246
5,4.0,4.0,3,4,0.46585896927803133
5,4.0,4.0,3,5,0.47212999098847397
5,4.0,4.0,4,4,0.4617790630225548
5,4.0,4.0,4,5,0.4679468639557474
5,4.0,4.0,5,5,0.46539538109019685
5,4.0,4.5,2,2,0.43400120216599336
5,4.0,4.5,2,3,0.45094963387643966
5,4.0,4.5,2,4,0.4608195846843518
5,4.0,4.5,2,5,0.4672837480620618
5,4.0,4.5,3,3,0.44355812776649317
5,4.0,4.5,3,4,0.4531358003835362
5,4.0,4.5,3,5,0.4594099993751977
5,4.0,4.5,4,4,0.4491902294179046
5,4.0,4.5,4,5,0.4553663261785584
5,4.0,4.5,5,5,0.45290455446229455
5,4.0,5.0,2,2,0.42520787395616766
5,4.0,5.0,2,3,0.44224630389757175
5,4.0,5.0,2,4,0.4521612850448702
5,4.0,5.0,2,5,0.45865221097193587
5,4.0,5.0,3,3,0.43509879278742575
5,4.0,5.0,3,4,0.4447344051685292
5,4.0,5.0,3,5,0.45104380303629776
5,4.0,5.0,4,4,0.4409305272501075
5,4.0,5.0,4,5,0.44714645289188654
5,4.0,5.0,5,5,0.44477710205133625
5,4.0,5.5,2,2,0.41943223809958136
5,4.0,5.5,2,3,0.4366231545600299
5,4.0,5.5,2,4,0.4466202023834106
5,4.0,5.5,2,5,0.45316239463212077
5,4.0,5.5,3,3,0.4297143057015199
5,4.0,5.5,3,4,0.43944359829803387
5,4.0,5.5,3,5,0.4458118479846854
5,4.0,5.5,4,4,0.4357752493526641
5,4.0,5.5,4,5,0.4420541420915074
5,4.0,5.5,5,5,0.439772194194435
5,4.0,6.0,2,2,0.41586547135949353
5,4.0,6.0,2,3,0.43325492044391045
5,4.0,6.0,2,4,0.4433613285020518
5,4.0,6.0,2,5,0.44997284581413954
5,4.0,6.0,3,3,0.4265692871937213
5,4.0,6.0,3,4,0.43641832291849547
5,4.0,6.0,3,5,0.4428626759959967
5,4.0,6.0,4,4,0.4328751004143763
5,4.0,6.0,4,5,0.43923374452923236
5,4.0,6.0,5,5,0.4370319509266687
6,4.0,3,2,2,0.5289358471271668
6,4.0,3,2,3,0.547484214095218
6,4.0,3,2,4,0.5583175309400478
6,4.0,3,2,5,0.565424441608057
6,4.0,3,3,3,0.5382866430621409
6,4.0,3,3,4,0.5487428354069226
6,4.0,3,3,5,0.5556043187189578
6,4.0,3,4,4,0.5437712928679227
6,4.0,3,4,5,0.5505044642534371
6,4.0,3,5,5,0.5473806021594327
6,4.0,3.5,2,2,0.5364649160715474
6,4.0,3.5,2,3,0.5560950633098031
6,4.0,3.5,2,4,0.5675473438113731
6,4.0,3.5,2,5,0.5750555041445112
6,4.0,3.5,3,3,0.5468785513114786
6,4.0,3.5,3,4,0.5579555338974962
6,4.0,3.5,3,5,0.5652196001954153
6,4.0,3.5,4,4,0.5529954216950612
6,4.0,3.5,4,5,0.5601324480063685
6,4.0,3.5,5,5,0.5570234010989529
6,4.0,4.0,2,2,0.5354135275176355
6,4.0,4.0,2,3,0.5557063913590237
6,4.0,4.0,2,4,0.5675339304629745
6,4.0,4.0,2,5,0.5752838790268961
6,4.0,4.0,3,3,0.5465866175917377
6,4.0,4.0,3,4,0.5580472806028847
6,4.0,4.0,3,5,0.5655587137039008
6,4.0,4.0,4,4,0.5531591535936623
6,4.0,4.0,4,5,0.5605469440508785
6,4.0,4.0,5,5,0.5574900298937173
6,4.0,4.5,2,2,0.5198858047019409
6,4.0,4.5,2,3,0.5401866352721884
6,4.0,4.5,2,4,0.5520088872228801
6,4.0,4.5,2,5,0.5597516878236733
6,4.0,4.5,3,3,0.5313309954509332
6,4.0,4.5,3,4,0.5428031414671182
6,4.0,4.5,3,5,0.5503183922441364
6,4.0,4.5,4,4,0.53807604387431
6,4.0,4.5,4,5,0.5454737821370975
6,4.0,4.5,5,5,0.5425243999071981
6,4.0,5.0,2,2,0.5093496512623992
6,4.0,5.0,2,3,0.5297583111579518
6,4.0,5.0,2,4,0.5416345159620721
6,4.0,5.0,2,5,0.5494093822670382
6,4.0,5.0,3,3,0.5211951112802152
6,4.0,5.0,3,4,0.5327366710330322
6,4.0,5.0,3,5,0.5402940913094707
6,4.0,5.0,4,4,0.5281793896384618
6,4.0,5.0,4,5,0.5356248426260809
6,4.0,5.0,5,5,0.5327862215597119
6,4.0,5.5,2,2,0.5024288551591104
6,4.0,5.5,2,3,0.5230201849489802
6,4.0,5.5,2,4,0.5349947004592699
6,4.0,5.5,2,5,0.5428309804186285
6,4.0,5.5,3,3,0.5147430013149691
6,4.0,5.5,3,4,0.5263967810171299
6,4.0,5.5,3,5,0.5340246999764449
6,4.0,5.5,4,4,0.522001913183688
6,4.0,5.5,4,5,0.5295227937175684
6,4.0,5.5,5,5,0.526788911328604
6,4.0,6.0,2,2,0.4981543853156986
6,4.0,6.0,2,3,0.5189835337159079
6,4.0,6.0,2,4,0.5310890493074215
6,4.0,6.0,2,5,0.5390083719100878
6,4.0,6.0,3,3,0.5109738374174467
6,4.0,6.0,3,4,0.5227710527705378
6,4.0,6.0,3,5,0.5304901328187197
6,4.0,6.0,4,4,0.5185261240653187
6,4.0,6.0,4,5,0.5261425349489781
6,4.0,6.0,5,5,0.5235046999590673
7,4.0,3,2,2,0.6164140003709546
7,4.0,3,2,3,0.6380282970539426
7,4.0,3,2,4,0.6506523193857531
7,4.0,3,2,5,0.6589339845596577
7,4.0,3,3,3,0.6273080288413425
7,4.0,3,3,4,0.6394925861759594
7,4.0,3,3,5,0.6474882528809404
7,4.0,3,4,4,0.6336980213541503
7,4.0,3,4,5,0.6415441648447082
7,4.0,3,5,5,0.6379031724990323
7,4.0,3.5,2,2,0.6251836636621384
7,4.0,3.5,2,3,0.6480586260730993
7,4.0,3.5,2,4,0.6614039647684601
7,4.0,3.5,2,5,0.6701532306075335
7,4.0,3.5,3,3,0.6373164862934355
7,4.0,3.5,3,4,0.650224483243261
7,4.0,3.5,3,5,0.6586893009890724
7,4.0,3.5,4,4,0.6444433450690531
7,4.0,3.5,4,5,0.6527601200881771
7,4.0,3.5,5,5,0.6491364582365513
7,4.0,4.0,2,2,0.6239548276878512
7,4.0,4.0,2,3,0.6476021027908726
7,4.0,4.0,2,4,0.6613847575552532
7,4.0,4.0,2,5,0.6704157965073086
7,4.0,4.0,3,3,0.6369728764852847
7,4.0,4.0,3,4,0.6503279996857323
7,4.0,4.0,3,5,0.6590810888854429
7,4.0,4.0,4,4,0.6446308438463099
7,4.0,4.0,4,5,0.6532398480543943
7,4.0,4.0,5,5,0.6496769972351628
7,4.0,4.5,2,2,0.6058564948523701
7,4.0,4.5,2,3,0.6295130883177954
7,4.0,4.5,2,4,0.6432896004269747
7,4.0,4.5,2,5,0.6523123212627303
7,4.0,4.5,3,3,0.619191850650685
7,4.0,4.5,3,4,0.6325603710895353
7,4.0,4.5,3,5,0.6413179189730615
7,4.0,4.5,4,4,0.6270509652813945
7,4.0,4.5,4,5,0.6356715709034257
7,4.0,4.5,5,5,0.632234090487292
7,4.0,5.0,2,2,0.5935757758144597
7,4.0,5.0,2,3,0.6173580475194903
7,4.0,5.0,2,4,0.6311974439111323
7,4.0,5.0,2,5,0.6402575389038019
7,4.0,5.0,3,3,0.6073777429079097
7,4.0,5.0,3,4,0.6208271625362517
7,4.0,5.0,3,5,0.629633857516747
7,4.0,5.0,4,4,0.6155157240639136
7,4.0,5.0,4,5,0.6241919381485586
7,4.0,5.0,5,5,0.620883577443124
7,4.0,5.5,2,2,0.5855086769752035
7,4.0,5.5,2,3,0.6095038321844266
7,4.0,5.5,2,4,0.6234577995848153
7,4.0,5.5,2,5,0.6325894657301387
7,4.0,5.5,3,3,0.5998569449703474
7,4.0,5.5,3,4,0.6134371428616701
7,4.0,5.5,3,5,0.6223259950614357
7,4.0,5.5,4,4,0.6083150293292501
7,4.0,5.5,4,5,0.6170791438992071
7,4.0,5.5,5,5,0.6138928748856705
7,4.0,6.0,2,2,0.5805257991959206
7,4.0,6.0,2,3,0.6047980983838075
7,4.0,6.0,2,4,0.6189047274059271
7,4.0,6.0,2,5,0.6281331675270013
7,4.0,6.0,3,3,0.5954630143667765
7,4.0,6.0,3,4,0.6092103641881687
7,4.0,6.0,3,5,0.6182054502736755
7,4.0,6.0,4,4,0.6042630272173591
7,4.0,6.0,4,5,0.6131384669342107
7,4.0,6.0,5,5,0.6100641542787374
8,4.0,3,2,2,0.7039466396404466
8,4.0,3,2,3,0.728628778303408
8,4.0,3,2,4,0.743044622971111
8,4.0,3,2,5,0.7525017753209857
8,4.0,3,3,3,0.7163848669173726
8,4.0,3,3,4,0.7302988672142022
8,4.0,3,3,5,0.7394294246826462
8,4.0,3,4,4,0.7236807687378
8,4.0,3,4,5,0.7326405784773162
8,4.0,3,5,5,0.7284821345463066
8,4.0,3.5,2,2,0.7139576771552427
8,4.0,3.5,2,3,0.740079478460266
8,4.0,3.5,2,4,0.7553190559708919
8,4.0,3.5,2,5,0.7653102013274293
8,4.0,3.5,3,3,0.7278107627637658
8,4.0,3.5,3,4,0.7425509160156246
8,4.0,3.5,3,5,0.7522172340619495
8,4.0,3.5,4,4,0.7359482415755358
8,4.0,3.5,4,5,0.7454455010612446
8,4.0,3.5,5,5,0.7413069043965308
8,4.0,4.0,2,2,0.7125512887838228
8,4.0,4.0,2,3,0.7395550671422543
8,4.0,4.0,2,4,0.7552940568478868
8,4.0,4.0,2,5,0.7656069851090128
8,4.0,4.0,3,3,0.7274154499622665
8,4.0,4.0,3,4,0.7426662148213994
8,4.0,4.0,3,5,0.7526617344591514
8,4.0,4.0,4,4,0.7361595271865525
8,4.0,4.0,4,5,0.7459905067423825
8,4.0,4.0,5,5,0.7419214047095463
8,4.0,4.5,2,2,0.6918807487907849
8,4.0,4.5,2,3,0.7188951979330592
8,4.0,4.5,2,4,0.7346271889187618
8,4.0,4.5,2,5,0.7449306281625404
8,4.0,4.5,3,3,0.7071074511323773
8,4.0,4.5,3,4,0.7223735286315458
8,4.0,4.5,3,5,0.7323741483449299
8,4.0,4.5,4,4,0.716081328147428
8,4.0,4.5,4,5,0.7259255637421973
8,4.0,4.5,5,5,0.7219996816143703
8,4.0,5.0,2,2,0.6778543807216562
8,4.0,5.0,2,3,0.7050123681101894
8,4.0,5.0,2,4,0.7208161803568189
8,4.0,5.0,2,5,0.7311623055082395
8,4.0,5.0,3,3,0.6936140774815975
8,4.0,5.0,3,4,0.7089725467680401
8,4.0,5.0,3,5,0.7190292955164529
8,4.0,5.0,4,4,0.7029064821882943
8,4.0,5.0,4,5,0.712814224896118
8,4.0,5.0,5,5,0.7090358323980186
8,4.0,5.5,2,2,0.6686402678193802
8,4.0,5.5,2,3,0.6960413711358225
8,4.0,5.5,2,4,0.7119760248194253
8,4.0,5.5,2,5,0.7224038849472808
8,4.0,5.5,3,3,0.6850239284291272
8,4.0,5.5,3,4,0.7005317458529147
8,4.0,5.5,3,5,0.7106823176197791
8,4.0,5.5,4,4,0.6946819342748528
8,4.0,5.5,4,5,0.7046900581782284
8,4.0,5.5,5,5,0.7010511211469214
8,4.0,6.0,2,2,0.6629485431605038
8,4.0,6.0,2,3,0.690666140327182
8,4.0,6.0,2,4,0.7067751306708936
8,4.0,6.0,2,5,0.7173135046635808
8,4.0,6.0,3,3,0.6800048441606296
8,4.0,6.0,3,4,0.6957035445742299
8,4.0,6.0,3,5,0.7059754324177603
8,4.0,6.0,4,4,0.6900533623993218
8,4.0,6.0,4,5,0.7001886160914296
8,4.0,6.0,5,5,0.6966775542485164
9,4.0,3,2,2,0.791515496261909
9,4.0,3,2,3,0.8192667477885099
9,4.0,3,2,4,0.8354751570486929
9,4.0,3,2,5,0.8461082835075459
9,4.0,3,3,3,0.8054985642202257
9,4.0,3,3,4,0.8211427238981844
9,4.0,3,3,5,0.8314086422486914
9,4.0,3,4,4,0.8137007517515082
9,4.0,3,4,5,0.8237746890680142
9,4.0,3,5,5,0.8190985798959292
9,4.0,3.5,2,2,0.8027684258050408
9,4.0,3.5,2,3,0.8321384109709061
9,4.0,3.5,2,4,0.8492730119418748
9,4.0,3.5,2,5,0.8605065512277262
9,4.0,3.5,3,3,0.8183424889511823
9,4.0,3.5,3,4,0.8349155574402847
9,4.0,3.5,3,5,0.845783873477602
9,4.0,3.5,4,4,0.8274910074485607
9,4.0,3.5,4,5,0.8381692403887688
9,4.0,3.5,5,5,0.8335154962372812
9,4.0,4.0,2,2,0.8011844148039853
9,4.0,4.0,2,3,0.8315460867651594
9,4.0,4.0,2,4,0.849242221753813
9,4.0,4.0,2,5,0.860837570293037
9,4.0,4.0,3,3,0.8178954548406993
9,4.0,4.0,3,4,0.8350426465693142
9,4.0,4.0,3,5,0.8462811112761742
9,4.0,4.0,4,4,0.8277260927366823
9,4.0,4.0,4,5,0.8387795538020808
9,4.0,4.0,5,5,0.8342039914236533
9,4.0,4.5,2,2,0.7779406056967518
9,4.0,4.5,2,3,0.8083143013913987
9,4.0,4.5,2,4,0.8260025812237535
9,4.0,4.5,2,5,0.837587269349071
9,4.0,4.5,3,3,0.7950594395881867
9,4.0,4.5,3,4,0.8122238601370404
9,4.0,4.5,3,5,0.8234680665678498
9,4.0,4.5,4,4,0.8051485415566754
9,4.0,4.5,4,5,0.8162169139628523
9,4.0,4.5,5,5,0.8118024283274267
9,4.0,5.0,2,2,0.7621678681694728
9,4.0,5.0,2,3,0.7927029694922321
9,4.0,5.0,2,4,0.8104720112539477
9,4.0,5.0,2,5,0.822104699230486
9,4.0,5.0,3,3,0.7798861069383715
9,4.0,5.0,3,4,0.7971544166223128
9,4.0,5.0,3,5,0.8084617369118524
9,4.0,5.0,4,4,0.7903334141098551
9,4.0,5.0,4,5,0.8014731955453458
9,4.0,5.0,5,5,0.7972245770227722
9,4.0,5.5,2,2,0.751806268162169
9,4.0,5.5,2,3,0.7826147303427264
9,4.0,5.5,2,4,0.8005308907004367
9,4.0,5.5,2,5,0.8122554816819255
9,4.0,5.5,3,3,0.7702261657706393
9,4.0,5.5,3,4,0.787662401150644
9,4.0,5.5,3,5,0.7990752150853696
9,4.0,5.5,4,4,0.7810845907974361
9,4.0,5.5,4,5,0.7923372393041568
9,4.0,5.5,5,5,0.7882454471796867
9,4.0,6.0,2,2,0.7454054046668398
9,4.0,6.0,2,3,0.7765697268560088
9,4.0,6.0,2,4,0.7946819078838048
9,4.0,6.0,2,5,0.8065307583066147
9,4.0,6.0,3,3,0.764581670444276
9,4.0,6.0,3,4,0.7822325296979238
9,4.0,6.0,3,5,0.7937817481440955
9,4.0,6.0,4,4,0.7758792118364397
9,4.0,6.0,4,5,0.787274801317059
9,4.0,6.0,5,5,0.7833268097759476
10,4.0,3,2,2,0.8791096526629393
10,4.0,3,2,3,0.909930904716472
10,4.0,3,2,4,0.9279323970086184
10,4.0,3,2,5,0.9397418376822209
10,4.0,3,3,3,0.8946380094613072
10,4.0,3,3,4,0.9120128289129833
10,4.0,3,3,5,0.9234144365068976
10,4.0,3,4,4,0.9037467455210723
10,4.0,3,4,5,0.914935132635868
10,4.0,3,5,5,0.9097412089386715
10,4.0,3.5,2,2,0.8916048356296584
10,4.0,3.5,2,3,0.9242239440690547
10,4.0,3.5,2,4,0.9432541165495534
10,4.0,3.5,2,5,0.955730409065448
10,4.0,3.5,3,3,0.9089003752594068
10,4.0,3.5,3,4,0.9273068890768975
10,4.0,3.5,3,5,0.939377550726208
10,4.0,3.5,4,4,0.9190602264758667
10,4.0,3.5,4,5,0.9309197744128411
10,4.0,3.5,5,5,0.9257507341811095
10,4.0,4.0,2,2,0.8898431526907853
10,4.0,4.0,2,3,0.923563689367804
10,4.0,4.0,2,4,0.9432175356388709
10,4.0,4.0,2,5,0.9560956753226998
10,4.0,4.0,3,3,0.9084016068103832
10,4.0,4.0,3,4,0.9274457738539488
10,4.0,4.0,3,5,0.9399275430843496
10,4.0,4.0,4,4,0.9193191201835448
10,4.0,4.0,4,5,0.9315954162971721
10,4.0,4.0,5,5,0.9265132474576387
10,4.0,4.5,2,2,0.8640253324582747
10,4.0,4.5,2,3,0.897759246189761
10,4.0,4.5,2,4,0.9174043806099407
10,4.0,4.5,2,5,0.9302706881380136
10,4.0,4.5,3,3,0.8830368460822242
10,4.0,4.5,3,4,0.9021001586711757
10,4.0,4.5,3,5,0.9145883114537304
10,4.0,4.5,4,4,0.894241496032345
10,4.0,4.5,4,5,0.9065343592620144
10,4.0,4.5,5,5,0.9016311291318723
10,4.0,5.0,2,2,0.8465057220743308
10,4.0,5.0,2,3,0.8804189139689779
10,4.0,5.0,2,4,0.900153753565092
10,4.0,5.0,2,5,0.9130733764202154
10,4.0,5.0,3,3,0.8661830701404993
10,4.0,5.0,3,4,0.885361772530898
10,4.0,5.0,3,5,0.8979200260119505
10,4.0,5.0,4,4,0.8777856142278238
10,4.0,5.0,4,5,0.8901577906845842
10,4.0,5.0,5,5,0.885438810437203
10,4.0,5.5,2,2,0.8349963043986034
10,4.0,5.5,2,3,0.8692131108173807
10,4.0,5.5,2,4,0.8891113508704759
10,4.0,5.5,2,5,0.9021330476963527
10,4.0,5.5,3,3,0.8554530286839855
10,4.0,5.5,3,4,0.8748182396970837
10,4.0,5.5,3,5,0.887493660822263
10,4.0,5.5,4,4,0.8675122204652725
10,4.0,5.5,4,5,0.8800097534772091
10,4.0,5.5,5,5,0.875464975560546
10,4.0,6.0,2,2,0.8278860980172876
10,4.0,6.0,2,3,0.8624981419799065
10,4.0,6.0,2,4,0.8826140929799992
10,4.0,6.0,2,5,0.8957737987963457
10,4.0,6.0,3,3,0.8491829423999561
10,4.0,6.0,3,4,0.8687865250328705
10,4.0,6.0,3,5,0.8816134434656497
10,4.0,6.0,4,4,0.8617298685421603
10,4.0,6.0,4,5,0.8743861582836551
10,4.0,6.0,5,5,0.8700011109327878
